,origin
KATL,33531
KORD,33311
KDFW,26685
KLAX,24429
KDEN,22924
KLAS,19062
KPHX,18161
VIDP,17927
KEWR,17465
KIAH,17427
EDDF,16907
EGLL,16623
KSFO,16593
KSEA,16345
KJFK,15953
LFPG,15581
KBOS,15353
CYYZ,14800
EHAM,14768
KMIA,14757
KDTW,14359
WMKK,14328
LEMD,14291
KMSP,14255
KLGA,14240
KPHL,13816
EDDM,13498
UUEE,13084
YSSY,12673
KFLL,12209
WSSS,12062
OMDB,12019
KDCA,11739
VTBS,11323
KIAD,10864
VABB,10292
RKSI,10256
RPLL,9931
SBGR,9524
RJTT,9374
LIRF,9218
LEBL,9185
EGKK,9121
YMML,9118
SKBO,9037
KBWI,8971
LSZH,8811
VTBD,8792
VOBL,8773
OTHH,8736
KSAN,8657
EKCH,8648
VHHH,8603
KCLT,8574
LOWW,8538
KDAL,8495
LTFJ,8475
CYVR,8466
KBNA,8121
KPDX,8073
YBBN,7911
ENGM,7885
KTPA,7774
EIDW,7479
ESSA,7475
KMDW,7395
KSJC,7380
KRDU,7366
RCTP,7289
CYUL,7257
KSNA,7149
KSTL,7104
KOAK,6953
KHOU,6925
LPPT,6866
KDVT,6811
LSGG,6784
LIMC,6767
KAUS,6660
NZAA,6616
EGSS,6608
CYYC,6587
VOMM,6484
KFFZ,6400
LFPO,6348
KSDF,6161
SPJC,6099
UUDD,6045
EDDL,5989
EDDT,5950
EFHK,5871
PANC,5748
KTEB,5685
OERK,5592
RJBB,5578
KCVG,5569
KIWA,5467
SBSP,5457
EPWA,5319
EGCC,5255
UUWW,5116
YPPH,5064
KVNY,4991
KSAT,4934
KSMF,4903
KLGB,4842
KRSW,4801
KCMH,4788
EBBR,4759
KBUR,4683
ULLI,4560
EDDH,4555
KSDL,4538
KAPA,4513
KCLE,4455
RJFF,4392
EGGW,4380
KMYF,4354
KMCI,4350
EDDK,4283
RKSS,4251
KABQ,4115
LHBP,3988
LKPR,3914
SBBR,3874
LIML,3874
KHPN,3862
KSEE,3836
ZGSZ,3833
KDAB,3756
LEMG,3750
KADS,3745
KMKE,3739
NZCH,3510
EDDS,3494
KCRQ,3478
LGAV,3453
KONT,3438
KBFI,3433
LLBG,3406
KBOI,3403
LIME,3396
VECC,3385
EGPH,3353
LFBO,3245
OBBI,3239
SBKP,3237
LEPA,3220
KOMA,3217
LTAC,3146
KPDK,3125
SBGL,2981
KVGT,2930
KHWO,2923
EDDB,2883
LFLL,2869
KPSP,2835
LPPR,2831
EVRA,2780
KOPF,2759
KRVS,2683
YSBK,2672
KCMA,2653
KTYS,2634
YPAD,2629
KSRQ,2617
SBRJ,2606
LIPZ,2599
YMMB,2594
ELLX,2582
KCHD,2560
KGRR,2531
KTOA,2514
KMSN,2505
KBUF,2478
KORF,2476
KTUL,2460
EGBB,2448
LIPE,2428
EGLC,2419
EBMB,2417
LFML,2410
KPUB,2410
KPAO,2386
KFTW,2338
LSZM,2333
EDDP,2332
WMSA,2308
KBED,2300
UKBB,2299
OMSJ,2275
SAEZ,2274
ENZV,2255
KFAT,2217
WBKK,2191
KFMY,2153
VCBI,2139
YPPF,2136
KROC,2130
EPKK,2119
KPIE,2087
FACT,2061
KRHV,2052
YSCB,2043
KBJC,2035
MMTJ,2032
GMMN,2030
LFBD,2015
KFRG,1989
KSMO,1973
EGGD,1969
KPAE,1938
ESGG,1920
KGYR,1917
EBCI,1912
CYTZ,1887
LEZL,1858
KSQL,1852
KSUS,1843
NZWN,1841
KSYR,1835
KHIO,1831
KLVK,1830
KU42,1827
KLAF,1823
KCOS,1815
UMMS,1813
MDPC,1799
KPVD,1784
MROC,1781
LIRA,1766
KAPF,1748
KPIT,1744
YPJT,1730
KMKC,1717
SABE,1717
EDDV,1693
EGNX,1693
DAAG,1692
KEMT,1686
KTTN,1679
KHND,1656
YBCG,1650
KISP,1640
CYOW,1619
TJIG,1614
KPRC,1608
RJOO,1601
KPWK,1597
ESSB,1568
KPGD,1566
LMML,1562
VAJJ,1547
KFCM,1547
RCKH,1542
YBCS,1533
KDAY,1527
KPTK,1527
KHWD,1495
KSAC,1489
KXNA,1481
LTBW,1475
KSLC,1471
KPVU,1463
LEVC,1463
RCSS,1458
UAAA,1455
KCNO,1440
LEAL,1434
EGAA,1431
KAFW,1428
RPLC,1426
WMKJ,1408
EPGD,1407
KFUL,1392
KMDT,1389
LROP,1388
BIKF,1387
YMEN,1376
KABE,1374
KTKI,1370
KSBP,1363
KSGR,1363
EHEH,1353
LFPB,1335
VEPI,1333
KHHR,1327
KCCR,1325
EDDN,1308
KORL,1302
LOWS,1297
KOKC,1292
KEVB,1291
KMMU,1290
KOSU,1275
LIBD,1272
KCDW,1260
LDZA,1246
K61B,1236
KSGF,1222
EGGP,1219
KCPS,1215
KLUK,1211
KTUS,1208
KLOT,1193
KMHR,1189
KWHP,1187
KLNK,1183
OMDW,1178
KSPG,1159
KCHO,1157
EKBI,1153
KRNT,1151
KHSV,1142
KHEF,1130
KGKY,1127
CYYJ,1127
KSDM,1117
KECP,1116
KPNE,1107
KNSE,1106
KDWH,1106
EBLG,1100
VAPO,1099
KDPA,1099
EETN,1088
KGRB,1085
KAPC,1063
LFRS,1060
KRBD,1055
RJTK,1052
LPFR,1049
KPOC,1044
KF70,1042
LYBE,1030
KRFD,1021
KLZU,1012
EPKT,1011
KLNS,1008
CYXE,1004
KMTN,1000
KSCK,997
KFDK,990
SBVT,983
TBPB,981
KROA,978
OERY,977
KFXE,975
KDTO,961
KATW,954
CYHM,931
KVNC,929
KLOU,924
EGPF,918
KMCC,912
EGNT,912
KSTS,902
KBDN,899
EGLF,895
FAGC,892
KRYY,888
KAVQ,886
KBLI,880
KRAL,879
88PA,878
SBCO,877
LIPX,874
YSWG,872
KFTY,866
LTBA,846
LFOB,842
OEDF,835
YMHB,830
K1G4,830
KGPM,827
KPNS,825
KCRP,819
EDDW,818
20II,816
KAJO,815
KSBA,798
KGSO,797
EDLW,795
NZNE,792
KIWS,791
PAMR,791
KFWA,789
YSTW,781
ESMS,778
RJOA,778
ENUL,767
KJYO,755
KSAF,752
EPPO,750
CHF2,748
YBMC,745
KRNM,742
WBSB,740
LIPH,736
LIMF,736
KVDF,731
GOBD,730
SLVR,730
KGEU,728
KCLW,723
KPHF,720
KCBF,708
LEIB,708
KSKA,707
KMLE,706
KOXR,697
KMOD,696
NZPM,695
KYIP,693
FA37,690
UDYZ,684
EGPD,671
EICK,669
OMAA,667
KX50,666
KHYI,663
NTAA,660
KRYN,655
KSTP,654
EPMO,653
KCGZ,653
EKYT,650
KGAI,647
K1G0,645
EDDC,642
EINN,642
YBAF,642
KPWA,642
FL57,639
YWLM,639
05IN,634
EGMC,629
KVIS,624
KUGN,622
VMMC,622
KFNL,619
EHRD,618
KCPK,617
KCMI,607
MMUN,600
KILG,600
UKKK,597
VVVH,594
CZBB,591
YPEA,590
82PA,589
ZUCK,588
KBVY,587
KO69,583
EGKB,580
FAOR,579
KE16,577
LZIB,574
KTTA,574
KIND,574
7PS7,571
KOSH,569
KMCF,568
KOWD,567
KYKM,564
KEYE,563
CYMX,557
KAFF,553
KAUN,552
SSJC,551
KC29,548
KUES,545
ENBR,543
KU77,543
KMIC,543
LIRU,534
YMAY,534
EGOS,532
KOCF,531
ENBO,530
KAEG,527
OTBH,527
KRND,520
KSWF,518
LFNR,518
KLOM,517
KNYL,517
KOMN,516
LJLJ,516
KLDJ,515
KGEG,514
KMRY,513
YMPC,512
KCCB,510
LFLB,507
KE60,503
SADP,497
KISM,496
96WA,496
KEDU,494
KUAO,493
KC83,492
KDVO,492
KOKB,492
KACY,490
LSZB,488
K7L8,487
LFLS,486
KMLI,484
KTYR,475
KTOL,474
LFQQ,474
ESKN,473
KAWO,472
K06C,469
KFLG,469
KEUL,469
KSPI,467
KDTS,467
KPAN,463
24FL,462
KEFD,462
KEWB,460
KJVL,457
KGPI,455
KMZJ,455
KPRB,454
KS50,453
7FL6,453
NZTG,451
UWUU,448
RCQC,447
EDJA,447
EDFH,441
VGTJ,439
EHKD,439
VGZR,435
KA39,434
3OR8,433
KEDC,432
LPSO,430
CYWG,429
KHQZ,429
KTPF,420
KPYM,419
KBTL,418
KTEX,418
KBVI,417
WSSL,416
KVCB,416
KWVI,415
EDDG,415
KLHM,415
EGHI,410
SKGY,408
LIEE,407
KDMA,405
KVPS,404
CO80,404
KLCK,403
KBXK,402
K3CK,401
UUBW,401
8FA4,401
TXKF,401
KFTG,400
KSBD,396
EGNP,396
KHYA,394
KHMT,393
KL65,392
KCWA,391
YCBG,390
VNKT,388
CYCD,387
VT48,387
KLMO,387
EDSB,386
LOWG,386
KLAL,383
KMGY,383
KCOE,381
NZAR,381
KHAF,379
KMVY,378
UT08,378
ENVA,377
KOAR,376
KSLI,376
KHWV,376
KAVX,375
EDNY,375
KOQN,374
KLVJ,373
KRDG,373
KOJC,373
KVBT,373
K2W6,370
YMAV,368
KCXY,367
KENW,367
LFPN,366
EGTK,366
YMES,366
KASG,366
EGAC,365
LSZR,364
LPCS,364
KI69,360
KGYY,359
OTBD,359
OLBA,358
KROG,356
KHGR,351
EFTU,350
KNUQ,349
YSCH,347
KSET,347
LICJ,347
KMCE,345
LPPD,345
K5C1,343
35OR,342
KVUO,340
KDMW,340
LGIR,339
42VT,339
FAGM,337
WA49,335
KNZY,335
CYXX,334
K52F,334
FALA,332
WIDD,330
K39N,330
KERI,328
KFCH,328
KGLE,327
ULMM,327
EFOU,325
KMQS,324
SBMT,324
YRED,323
EGNS,320
KSNS,320
KWBW,320
KRIV,318
ETAR,317
LIMJ,317
KDWA,317
KITH,316
KMJX,316
NZHN,314
OR28,309
KTME,309
KE63,307
KAGC,307
KO22,307
CCV4,305
WIPA,305
YWOL,304
KFNT,304
KFME,303
YPMQ,303
YSDU,302
02XS,302
KFYV,301
KPVG,300
KLEB,299
KRNV,298
KFHR,297
KTCY,297
LFST,297
EGFF,296
YCDR,296
FL97,295
CYHU,294
LEZG,294
KBLM,294
LECU,294
EFTP,293
KJVY,292
KBUY,291
NZRO,291
KLBE,291
KN14,290
LIPQ,290
CYKF,289
KCGF,288
KDBQ,287
BIRK,286
KPWT,286
KMQY,285
CNV9,284
KARB,282
KFAY,282
KPGV,281
XS89,281
NZPP,279
KNHK,279
OPMT,277
KLWC,277
KALN,274
TJSJ,273
SPLP,273
KMDQ,273
KADW,272
KHSD,272
KBDR,271
EDVE,270
LOWL,268
KAXH,268
KMIT,267
CA66,267
KSEZ,267
NZNV,267
KDEC,267
WIHH,266
KL70,265
KX49,265
NJ58,264
KANE,263
KTTD,263
EPWR,263
KSFF,262
LTAE,259
EGSH,257
KMBS,256
K1B9,256
KE25,256
KBOW,255
WT24,255
ESNZ,254
SN59,253
EBAW,253
LFLY,253
EGCN,253
K33N,252
KMMV,252
EGHH,250
GMTT,249
EPBC,249
KXLL,248
SADF,248
K1H0,248
LRBS,248
KTYQ,247
KPIA,247
KILN,247
KT82,246
LSME,246
KALB,245
KMWC,243
EGNM,242
KJNX,242
KORH,242
K2R2,241
KDET,241
NK43,241
YLIL,240
23CN,240
KT31,240
KT67,240
K47A,239
KX06,237
KMIV,236
EDLP,236
VIDN,236
KS67,235
YHBA,235
EGNJ,235
WICC,233
KBMI,233
CYXU,233
ENHD,233
EPRZ,232
KCPM,232
YSCN,231
KNFG,230
KMFE,229
EHBK,229
47FL,229
KP19,229
KO27,228
KMER,227
EDFE,227
PAED,226
TX91,226
KCJR,225
KX07,225
KSBM,225
KUDD,224
CYQG,224
KO88,223
ESPA,223
CL36,222
KNGP,221
GBYD,219
ESTA,218
EDFM,218
WN13,218
ETSI,217
TLPL,217
YBLT,217
KFWS,217
LEMH,216
EBOS,213
SPST,212
KPMP,211
KSUU,211
6FD7,210
EGKR,209
MMCZ,209
KP08,208
EGBG,207
K47N,206
64OR,205
EDDR,204
EDHI,204
FAYP,204
KP52,204
KBKL,202
LEVX,202
GMMT,202
EDMA,201
KZPH,200
9CL2,199
YTDN,199
NZGB,199
LEJR,198
K1T7,198
VOTP,198
GMME,198
K1O3,197
EFKU,197
KNKX,196
76OK,196
KN12,196
FABA,196
KARR,196
LFBG,196
CYRO,195
KNRQ,195
NZPI,195
09PA,195
KBVS,194
SADM,194
CA35,193
KL35,192
5AZ3,192
KVAY,191
KADG,191
KC77,191
KGXY,190
LOAN,190
LZKZ,189
KBFL,189
KSMQ,189
KDUJ,189
3NK5,188
KLEE,186
OI34,186
KRIR,185
KREI,185
0FD0,185
EGVN,185
KDVN,184
K4N1,184
EKRK,183
FA54,182
EKEB,182
CYSN,182
5MN0,181
RCNN,181
KMGW,180
LDSR,180
KLSV,180
KORS,180
YSLT,180
KTIK,180
EKAH,179
EDLV,178
KERV,178
27CL,178
VT25,178
KLHQ,178
7TA0,178
KGVT,177
KOLS,177
KHVN,177
KMAE,177
9NC9,176
35FA,176
EHGG,176
KEGI,175
FD82,175
KTZR,175
ETNL,174
MA72,174
EGPE,174
YCVG,173
LIED,173
KFFC,173
KHRJ,172
77TX,172
KANP,172
EGBP,171
PAEN,171
24PA,171
NC03,171
LFKJ,171
EDMO,170
36II,170
KNTD,170
YBUN,169
KIAG,169
KIGX,169
34XS,168
KJWN,168
KSGS,168
WSAC,168
KTHV,168
KIPL,167
LGRP,167
IL38,167
KMAN,167
KLWM,167
KAHN,166
KNUN,166
LSZC,166
0CL3,165
LGKN,165
KMCW,165
KU08,165
LFLC,165
KVLL,164
KRWI,164
18AZ,164
16XS,163
KNUC,162
KPOB,162
KDAA,162
KN87,161
KBAZ,161
ETNH,161
LIEA,160
TVSA,160
KFET,160
60CO,160
LFPL,160
KTVL,160
KDOV,159
KSNC,159
6CO4,159
K0L7,158
KJST,158
SLCB,157
PN62,157
KSFQ,157
EIKN,157
48AZ,157
SC32,156
LRSB,156
LFPV,156
WBKL,156
KOUN,155
ESOW,155
SAAR,155
KO61,155
CYKA,154
KWDR,154
CYYT,154
LSZA,153
AL72,152
KDXR,152
06VA,152
KMYV,152
KHKY,152
EGTE,152
YSRI,151
EGBJ,151
OIBK,150
KALO,150
CYOO,149
KCHN,149
KVPC,148
KSCH,148
K6I4,148
EGJB,148
KHUA,148
KCEW,147
KPTW,147
KCPU,147
KNGU,147
CA84,147
KTMB,146
KJWY,146
YWIO,146
KW32,146
KBDU,146
KNPA,146
YAMB,146
KAUW,145
CYPK,145
3NC5,145
AZ64,145
KPCM,145
LSZG,144
EDFC,144
KSFZ,144
ESDF,144
UWWW,144
JY04,144
YBSS,143
LKPD,143
LOAV,143
LELL,143
2FD6,142
EYKA,142
FA40,142
KRYV,142
38IN,142
CYQQ,142
YMUL,141
FADX,141
KGPH,141
SBJD,141
KWRI,140
KCLM,140
LKTB,140
K3C8,140
KLNC,140
1AZ0,140
CPN8,140
KIXD,139
FD90,139
EGNL,139
TE88,138
1PA5,138
VA87,138
0WN1,138
LFLP,138
NZWP,137
EDLN,137
2MO1,137
EGJJ,136
LIPO,135
OR81,135
YBNS,135
KN57,135
YPEC,135
KMKY,135
KU14,135
KOFF,134
FL35,133
KSMX,133
SC86,133
UT13,133
EBKT,132
KISO,130
KGYH,130
TJMZ,130
KDYL,130
LIRE,130
1CA6,129
YTYA,129
KCGS,129
CYQB,128
EDRY,128
FL47,128
KGVL,128
KJZP,127
4WA9,127
WMLU,126
KAND,126
EGHQ,126
2MI3,126
36AZ,126
KTFP,126
KLVN,126
86TX,126
37CA,126
KSEF,125
KTDF,125
KI74,125
KONP,124
K9A1,124
SDCO,124
EDKB,124
KMGE,124
KRST,124
97KS,124
AL16,124
KSMD,124
KMCO,124
EGTR,123
91OI,123
9FD2,122
KDLL,122
K12J,122
KAVP,122
KCGE,122
UNEE,122
KNKL,122
03FA,121
KCEU,121
YCNK,120
MI56,120
KBLV,120
KSKF,120
FD04,120
WN51,120
CYQY,120
LFMN,119
OMRK,119
KSLK,119
EGNR,119
YBRS,119
ETOU,119
PN14,119
KDUH,119
KC09,119
64GA,118
KOQU,118
EPBY,118
EGNV,118
LGMG,118
K00V,118
KDCU,117
6NA2,117
KE45,117
CYKZ,117
GCLP,117
EFJO,117
KO70,117
ZGGG,117
MDMA,116
8AK2,116
KBTA,116
K10C,116
EDWI,116
LKMT,116
KDLZ,115
KMPI,115
KL73,115
NH78,115
4NJ8,115
KMPO,114
KESN,114
LYNI,114
06IA,114
PABG,114
94FL,114
EDVK,114
79FD,114
KT41,113
UWLL,113
KBMG,113
FL17,113
EGYD,113
GCXO,113
KGMU,113
NH60,112
58FD,112
KBTP,112
KFOE,111
YKEL,111
UAII,111
4FL8,111
04WA,110
KO41,110
KRAS,110
LFLU,110
KGHG,110
3TX2,109
KIGQ,109
MA36,109
EDTX,109
KBKV,109
OR38,108
KBNG,108
KPVF,108
KVTA,108
KFMH,108
YGIG,108
KHWY,108
LIRZ,107
KMHT,107
KU30,107
UAAR,107
LOWK,107
KGWW,106
TVSC,106
KEIK,105
KFOK,105
WN61,105
KLQK,105
05TE,104
KHRL,104
KC15,104
KS36,104
TN79,104
61WA,104
KX04,104
KUUU,103
WA67,103
KNTU,103
K17N,103
MA55,103
KSGH,103
63PA,102
KXFL,102
KECG,102
KOMH,102
29GA,102
ESMT,102
0CO1,102
K7S9,101
KSLR,101
LFMA,101
KBTV,101
45OH,101
EKRN,101
K3A1,100
EGWU,100
MI77,100
NZPN,100
KFCS,100
LEMP,100
KGCM,100
CYBW,100
NY09,99
EIKY,99
LSGL,99
KI12,99
KTRL,99
KMTO,99
8FL6,99
NZOM,99
EFMA,98
YCAB,98
KUNU,98
30TA,98
68CA,98
02PR,98
YOLD,98
K11V,97
KGCN,97
FA46,97
KACK,97
KBUU,97
KNEL,97
KHJO,97
KETB,97
NY24,97
KTLR,96
04TX,96
1TS3,96
LIPR,96
KCXO,96
KFLD,96
CZBA,96
KMSS,95
KSSF,95
LFMK,95
NZFI,95
MMML,95
KEVY,95
9TX5,95
XS90,95
3VA3,95
GCRR,95
K2K9,95
EGCB,95
6IN6,95
K76F,95
FL73,95
NZKF,94
KMMK,94
KCTJ,94
KNFW,94
KEFT,94
WS17,94
KNOW,93
ZGSD,93
8CA5,93
68MI,93
K5I4,93
LIRQ,93
57AZ,93
FL19,93
VOBG,93
26MA,92
KRKP,92
EGDM,91
KHRT,91
49OH,91
LILG,91
CLC2,91
KSWI,91
KSPB,91
EGCV,91
KLXT,91
1ID4,90
KI68,90
XS39,90
48CN,90
GA53,90
EDWE,90
EGNH,90
FARA,90
AZ05,89
KEZF,89
KRAC,89
7MD8,89
EDBW,89
EGLD,89
67OR,89
37AZ,89
KLUD,89
8MA4,89
KSHD,89
KBEH,89
6NY1,89
EGSC,88
K3R9,88
KPJC,88
K1L3,88
LFMI,88
67NJ,88
KONX,88
KX35,88
KPTV,87
EIWF,87
RCMQ,87
43FL,87
KBFD,87
16MI,87
KBVO,87
KSTJ,87
EFKI,87
8TX7,87
80WA,86
LPAR,86
KI73,86
KF29,86
KOKV,86
EDNX,86
KDLO,86
EGMD,86
CYBG,86
KGYL,86
CO53,86
LEMU,85
KPBG,85
K3DW,85
ETHB,85
TX09,85
LL22,85
5OR5,85
LIPN,85
SBSJ,85
KX14,85
LTFE,84
LEDS,84
KRYW,84
KF46,84
SKMA,84
KL26,84
KGRI,84
VA42,84
04FL,83
UWKD,83
0FL0,83
KMRB,83
KLPR,83
CA89,83
K9X1,83
TN73,83
TS00,83
4SC4,83
76MI,83
KRBL,83
2CA4,82
KGLH,82
3TX9,82
LIPL,82
LERT,82
RJAA,82
67CO,82
75TE,82
7TN3,82
WA22,82
89NJ,81
LSMD,81
KL71,81
KJKJ,81
K1O2,81
YSEN,81
89LL,81
5LL5,81
KGVQ,81
KHBG,81
EPLL,81
KN47,81
EIME,81
YSPT,80
UGKO,80
KLSN,80
05FL,80
KOKM,80
KOBI,80
KPUJ,80
KCFJ,80
CL46,80
VA16,79
5PA3,79
KRMN,79
40XS,79
KASH,79
NC00,79
29OR,79
4OK4,79
5NC3,78
KN71,78
22CO,78
K1Q4,78
EFKE,78
ID00,78
WMKM,78
KHFJ,77
00KS,77
KBKF,77
KGNV,77
OK50,77
LSZL,77
KXBP,77
NZKE,77
OETH,77
LL10,77
UUMO,76
LGKO,76
LFOK,76
KBQR,76
KGYI,76
3VA7,76
K0W3,76
9CO2,76
LGTT,76
KCPT,76
K1H2,76
61VA,76
1TN0,76
6MI6,75
PA84,75
KNJK,75
59NC,75
WN35,75
MRPV,75
LILB,75
CYYB,75
NZWU,75
KSKX,75
K9F9,75
KMO6,74
KFOD,74
7II9,74
EGBT,74
K3N6,74
6NY2,74
LOAU,74
58KY,74
89IN,74
KLAM,73
CYFD,73
K2A5,73
TX15,73
EGSX,73
LEMT,73
KEYQ,73
KGOO,73
EDPR,73
37CN,73
LFMV,73
19OK,72
21XS,72
KPIB,72
KC16,72
FD14,72
YKAT,72
K29M,72
EHVK,72
EDNL,72
KCIC,72
LGSR,72
EHTE,72
FA83,72
11TX,72
K9D4,71
EGNE,71
1OA3,71
50NE,71
2PN5,71
GA06,71
LFOT,71
KE80,71
YWBN,71
19TE,71
ENKJ,70
47PA,70
MN40,70
CA39,70
YPED,70
KUNI,70
9WI8,70
LEPP,70
LIBR,70
LIPB,70
KAKH,70
KLNR,70
KJOT,70
LOWI,70
8CL1,70
7XS0,70
4FL9,70
KGOK,69
FA09,69
LFKF,69
XA09,69
EDXW,69
LEAX,69
KNY2,69
K50R,69
5WI4,69
KINT,69
KTOP,69
74OR,69
66MI,68
FL16,68
FA35,68
01FL,68
KOLU,68
EDML,68
K1F0,68
71KY,68
61CL,68
ULLP,68
NZOH,68
EGBN,68
KHBI,68
KAZO,68
YGYM,67
NK07,67
KSWO,67
EGAD,67
LEBZ,67
KL94,67
CNC3,67
YWVA,67
PS82,67
CYPQ,67
CO48,67
KNSI,66
WA58,66
TX82,66
KD73,66
NZRT,66
FD77,66
KBID,66
KPCZ,66
CT39,66
FA60,66
KE95,66
K29D,66
TE57,66
KD54,66
57XS,66
9TN9,66
KCRS,66
FD33,66
7CO0,65
7MI3,65
KHFD,65
KWWD,65
9WA7,65
CT52,65
LSGK,65
65CO,65
EGTF,65
2CN8,65
KRIU,65
UUMU,65
3TA7,65
MN87,65
NTTE,64
LIMB,64
LBWN,64
TX40,64
DAOO,64
3MD4,64
KTAN,64
KOPN,64
KSOP,64
01II,64
KPMD,64
7MI7,64
KFLV,64
KRDD,64
1FA9,64
K5W4,64
KFDY,63
63CN,63
2MO9,63
80OH,63
EGHF,63
IL57,63
CKA8,63
61OR,63
YLTV,63
44OR,63
MA66,63
KHXF,63
KMTW,63
FA38,63
CA42,63
K50F,63
28MA,62
NZWL,62
2OK4,62
KMGJ,62
80TX,62
KSDC,62
MN24,62
EDFZ,62
K12Y,62
90NY,62
KORE,62
18OR,62
LFLE,62
TA30,62
KMWO,62
EDQB,62
TX05,62
K54J,62
TA06,62
YYEA,62
KN51,62
CT19,62
MD09,62
K2O3,61
LFKX,61
16FD,61
YARM,61
EGLM,61
SLCY,61
09CL,61
5MI8,61
14FA,61
KPOU,61
KTDZ,61
LIDE,61
3MO6,61
EGOV,61
UKKT,61
KFWN,60
80PN,60
3IN6,60
EDTD,60
KNFJ,60
K1N7,60
KUKF,60
KIKK,60
KONM,60
KCKB,60
EHLE,60
KMCX,60
LETO,59
KBLU,59
KINJ,59
KX05,59
KLHX,59
VIDX,59
KO60,59
KD98,59
TJAB,59
OA05,59
LILN,59
SC24,59
03PS,59
KY70,59
KFKL,58
61NC,58
50OR,58
34FD,58
4GA9,58
TA03,58
64CL,58
K84R,58
35MN,58
20MO,58
KOFK,58
MD35,58
7OA7,58
59CA,58
07TE,57
KLHZ,57
MA52,57
37MN,57
TX61,57
NC63,57
YCES,57
YBLD,57
KO20,57
K58M,57
VHSK,57
SBPA,57
K1V6,57
GOOY,57
YRTI,57
K05C,57
WA69,57
SEAS,57
K1C5,56
YTQY,56
8NC1,56
K4A4,56
KX39,56
GVNP,56
WV21,56
ETNW,56
1OK0,56
RCQS,56
WBGR,55
5CT7,55
KCQX,55
KGDJ,55
KOWP,55
58AZ,55
FL99,55
LKBE,55
LBWV,55
EDAZ,55
CAK3,55
WA84,55
KBGM,55
6AK3,54
89TA,54
MI18,54
NC15,54
WT77,54
NZMZ,54
K7F3,54
CYFJ,54
MA43,54
UGSB,54
5CA7,54
4NY1,54
XS74,54
KO15,54
KTTF,54
LILR,54
OR04,54
KSUX,54
KC20,54
MI50,54
KPEO,54
9IS9,54
K3MY,54
KRDM,54
KMRJ,54
KGIF,54
NC61,54
0OK5,54
07TS,54
LFJL,53
YWSL,53
6PA3,53
4MI3,53
EDXJ,53
YPKL,53
RKSO,53
EKSB,53
1ID3,53
TX03,53
90KS,53
MT54,53
8TN6,53
KUNV,53
4XS2,53
2VA2,53
K4D0,53
TN96,53
KBDL,53
CA04,53
48IS,53
0MS2,53
LSPL,53
2XA5,53
AL93,52
EDTM,52
KO32,52
IA54,52
UT99,52
3NJ6,52
KF69,52
97IA,52
31MA,52
22FA,52
77TS,52
OEDR,52
LICB,52
LICC,52
AZ27,52
KAMW,51
KOZW,51
YHML,51
2TS6,51
KAKR,51
4MD6,51
EGUN,51
27XS,51
KAXQ,51
FL59,51
EDFB,51
K40G,51
3PS9,51
KBWC,51
VA10,51
RJFR,50
3MD8,50
1TE8,50
KNWL,50
1WA6,50
CBQ2,50
CA73,50
GCLA,50
44IS,50
KCMR,50
KFKR,50
KBIE,50
LSPV,50
NH16,50
IA30,50
86MI,50
LFCL,50
TS07,50
5NC5,50
0OH9,50
0CD7,50
EGOE,50
DTTA,50
K1J6,49
2CO3,49
01VA,49
LFQT,49
67GA,49
KTIW,49
CL77,49
DE14,49
43TS,49
34MI,49
KAXV,49
KI17,49
54OK,49
EPMR,49
MN49,49
EDBM,49
KAHQ,49
EPML,49
KM33,48
ESTL,48
K6D6,48
NC05,48
PA43,48
88MN,48
VA52,48
KCFE,48
25CL,48
EGDX,48
EGTB,48
OMFJ,48
4II7,48
LPBJ,48
TE77,48
SIVU,48
EPSY,48
ESMK,48
1WA9,48
GE25,48
KPVC,48
KCEK,48
K4A7,48
KMCN,48
77PA,48
EGCK,47
YGLB,47
8TE7,47
KPVB,47
0TS5,47
KFWQ,47
EDWN,47
KFIT,47
EGBK,47
KLKU,47
1XS2,47
46TX,47
7OH2,47
85GA,47
KC35,47
YMYB,47
KMRN,47
0TS2,47
OIKQ,47
WA42,47
OA19,47
6II7,47
KT69,47
K9D9,47
KM54,47
WI81,47
30AZ,47
TN98,47
SC43,47
0CL6,46
YSNW,46
K2W5,46
EDLM,46
2IN0,46
75MN,46
K12N,46
KHZL,46
7GE5,46
K4B8,46
74XA,46
SDAM,46
7ND2,46
VIDD,46
WN80,46
KEDJ,46
MD31,46
KCCO,46
KPSB,46
67KY,46
47AZ,46
NC36,46
EGHR,46
EDFV,46
FA55,46
RJOM,45
4CA7,45
MD48,45
YKMP,45
YCEM,45
PN16,45
KSVH,45
TLPC,45
04CL,45
EGBW,45
KCAK,45
LFPT,45
VT22,45
OI58,45
7NC6,45
K2GC,45
OK90,45
2GA0,45
YLED,45
CYTR,45
CAT4,45
KCVB,44
0WI5,44
KO52,44
3OK8,44
PABV,44
9GE7,44
KHRO,44
EGTC,44
KJXN,44
LSZF,44
CL35,44
KN03,44
LEGE,44
KS78,44
FL01,44
IA01,44
EKOD,44
KT54,44
93OK,44
NZRI,44
KSTE,44
0GA0,44
OH07,44
KFZY,44
LEMO,44
CA76,44
LIPD,44
EGBD,44
K8A0,44
KAVO,44
CA16,43
77OH,43
YSHW,43
14PS,43
KRVL,43
EDXN,43
KC47,43
87CO,43
23AZ,43
KYNG,43
24XA,43
K2H2,43
NM02,43
6NC3,43
0CA3,43
K4I3,43
8FD5,43
WA09,43
LEAB,43
2FD1,43
II55,43
EGLK,43
CL74,43
KF72,43
SC97,43
KMRT,43
VV01,43
97TS,43
KPMV,43
K9G3,43
TE68,43
48TX,43
EGKA,43
LELH,43
KUYF,43
KGKJ,43
EDLS,43
5TX0,43
KMKO,43
KHAO,42
WN08,42
6MN9,42
TX95,42
0VA1,42
CO02,42
33FA,42
31FA,42
2PA6,42
77LL,42
K4T2,42
SC75,42
KUUV,42
KWLW,42
K8A1,42
LIRG,42
33TA,42
NZFP,42
17TE,42
LFXU,42
MD21,42
41KS,42
SBLS,42
KFTT,42
KAPN,42
09CO,42
KE98,41
39TA,41
KFHU,41
NE09,41
KHDO,41
LPAZ,41
50TA,41
ESCM,41
0PA6,41
VT52,41
KNGS,41
94XS,41
LFOZ,41
35AZ,41
11AZ,41
LEGT,41
CT20,41
FL78,41
K2F7,41
KN81,41
KPTD,41
10TN,41
YTYH,41
NZWR,41
OR95,41
8MI9,41
KTCM,41
WN18,41
1VA9,41
TE34,41
FD20,41
CYRP,41
KE14,41
KIKV,40
K74S,40
TE99,40
LTAD,40
II82,40
LIRP,40
LFDB,40
KLSE,40
93OH,40
NM74,40
81VA,40
71NC,40
KFEP,40
EDWF,40
6XS9,40
41TN,40
KN94,40
RJOY,40
LFBR,40
21FL,40
WA46,40
KF00,40
KHFY,40
06TE,40
3PS4,40
KZ10,40
08FL,40
EDQG,40
ETNG,39
LKHK,39
KIDI,39
7NC2,39
0NJ6,39
55AZ,39
61MA,39
PA68,39
CL33,39
KHST,39
YNTM,39
KSZT,39
FL63,39
EFHF,39
KTRK,39
KTOC,39
KUKT,39
01TX,38
SPRU,38
LOLW,38
WA07,38
GA00,38
EDRZ,38
K19N,38
KCZL,38
KLFI,38
0PA4,38
WA97,38
CL56,38
20AZ,38
ID27,38
AZ90,38
RHST,38
ETNT,38
7CL9,38
97FL,38
WI92,38
K33J,38
LFBC,38
YKRY,38
EDAQ,38
KW03,38
5CL9,38
EDLE,38
0OK6,38
CO82,37
LICP,37
OK17,37
K0R0,37
3AZ2,37
XS03,37
KMFR,37
OL23,37
LILC,37
EGXW,37
52OR,37
LFPM,37
53GA,37
86TA,37
OPQS,37
IN61,37
OK08,37
K07R,37
66NC,37
63CA,37
CN99,37
K0F2,37
LFLI,37
LSGB,37
YSMB,37
4NC7,37
1NC8,37
1AK6,37
TE96,37
6GA1,37
KFAF,37
KOCQ,37
43KS,36
6MA2,36
EDGM,36
NZMS,36
LIPA,36
FD89,36
EDLA,36
LSZV,36
KSEG,36
81CA,36
4NY8,36
2LL2,36
KGWB,36
AZ46,36
07KY,36
PA31,36
DE25,36
05CL,36
PAAQ,36
WN42,36
40AZ,36
KLGF,36
TE71,36
KY47,36
EGSG,36
KK16,36
CT15,36
03OK,36
LL53,36
K0G7,36
93XS,36
SC82,36
21NH,36
K57C,36
NK53,36
EDHF,36
69TE,36
KJGG,36
NTTM,36
OIKB,36
0WI7,35
K7K8,35
KC81,35
EDXF,35
TE85,35
SSOI,35
18FD,35
OK13,35
WV65,35
FA64,35
9OK3,35
TX67,35
KDFI,35
K7S5,35
IA84,35
KDKX,35
ESSN,35
EETU,35
42MN,35
KDZJ,35
FD49,35
KDAN,35
CNQ3,35
UUYY,35
EGKH,35
2FD2,35
K43A,35
88AZ,35
KS21,35
LFRB,35
EDVM,35
5II5,35
9PA2,34
08ID,34
EHBD,34
8MD0,34
DE23,34
93FD,34
9CO7,34
K3T5,34
0TS7,34
K5W8,34
FA49,34
EDLT,34
LKKL,34
FD96,34
KCKZ,34
7PA5,34
KBMQ,34
XS09,34
TS89,34
KFSO,34
75FL,34
KO08,34
K95F,34
LHPR,34
LFOJ,34
5MD0,34
2FA6,34
2VG7,34
4MI4,34
63WA,34
FD72,34
EDCU,34
09FA,34
KFFO,34
YFSK,34
ID92,34
52TA,34
MU65,34
NK79,33
LHDC,33
AZ50,33
4CA2,33
KZER,33
3IN3,33
PR27,33
SBCF,33
AK08,33
EDRF,33
KCID,33
69TA,33
2AZ4,33
KRME,33
KFZI,33
CA54,33
KL19,33
MY52,33
0TX0,33
LOLU,33
LJCE,33
SC34,33
3TN4,33
TN97,33
LFRI,33
K1BT,33
1NC5,33
EGCW,33
KBIV,33
KT51,33
K0R1,33
TE62,33
LSMP,33
OG05,33
KO37,33
AZ19,33
59PA,33
8NC6,33
AZ67,33
KGRK,33
YMNG,33
K6G0,32
47FD,32
KGSH,32
97GA,32
KCNW,32
OBKH,32
EDXR,32
59IL,32
CBM2,32
GA77,32
86TE,32
KIMM,32
46MI,32
GOGG,32
KC62,32
EIWT,32
9CL0,32
MA19,32
EGHS,32
57II,32
KLZD,32
37TE,32
WA96,32
TX46,32
K0J4,32
MN67,32
KUCP,32
41AZ,32
KGDM,32
03NY,32
TA33,32
EDTB,32
7OR7,32
KIRS,32
KCTZ,32
OR40,32
KKLS,32
LFME,32
CYNJ,32
CN13,32
16PA,32
CA60,32
1XA5,32
CO54,32
IN64,32
TE87,32
CN95,32
KF41,32
LJPZ,32
69MI,32
KDKK,32
9CL9,32
EPLR,32
50OH,32
KH92,31
02GE,31
LFAT,31
XA90,31
KGGP,31
OK25,31
NJ64,31
FD09,31
CA75,31
K5A6,31
KAUH,31
CYZD,31
KCYO,31
22NC,31
FL40,31
LFRN,31
AK63,31
K08C,31
EDDE,31
1OK9,31
6WA5,31
KI86,31
EVLA,31
LJMB,31
CO10,31
3OH7,31
KMUI,31
80CO,31
KPNM,31
WI78,31
LFKA,31
02II,31
WSAP,31
KRZT,31
OMAS,31
MN66,31
KSUE,31
LKPM,31
YGDH,31
TA73,31
45TX,31
DE04,31
SBST,30
IN60,30
MN19,30
EPDE,30
ENHA,30
MI58,30
FD02,30
SBCX,30
ID23,30
2NJ1,30
57FA,30
MN69,30
KAUM,30
EGNY,30
6TA3,30
EDHL,30
1AR8,30
KSLG,30
OERT,30
59TX,30
LIMP,30
LGSM,30
K1K4,30
CO59,30
LOIJ,30
10AZ,30
YMUR,30
98VA,30
LE85,30
EDMJ,30
CAP3,30
LIPY,30
8OR6,30
MI89,30
K3B0,30
3PN9,30
CO98,30
TS61,30
YLEC,29
WA04,29
KAIG,29
K18V,29
2AZ7,29
EPPT,29
LKKB,29
19IN,29
1GA2,29
LSZX,29
CD28,29
TX92,29
WIHP,29
TX70,29
07CL,29
60NJ,29
KMKG,29
KF51,29
3MN9,29
41XS,29
SBPR,29
MI26,29
1FD4,29
K3O1,29
VTUI,29
NJ46,29
KLAN,29
22OR,29
05FA,29
EFLP,29
NM49,29
LOIH,29
7NE6,29
OG15,29
MI29,29
EPKM,29
LFLG,29
52FA,29
PS15,29
8XS1,29
54AZ,29
KETC,29
KN79,28
60IN,28
9FD5,28
LFQA,28
K4V1,28
18CL,28
13MA,28
68WA,28
II18,28
8GA1,28
EDRK,28
KL08,28
6TA7,28
NH76,28
SBMM,28
KVPZ,28
RI11,28
76WA,28
PS52,28
2TS4,28
EGJA,28
NC69,28
KPSM,28
22IL,28
KN73,28
6GA0,28
UTTT,28
K6A2,28
KL45,28
YMIG,28
MD64,28
KFFA,28
KFYM,28
FA27,28
23NH,28
3OK1,28
K3CM,28
06TX,28
NZKC,28
6AZ8,28
LJBL,28
KBTF,28
EDTS,28
26MI,28
SVPR,28
3NC0,28
23NJ,28
28TS,28
5VA5,28
KI66,27
NR40,27
4XS6,27
3TE9,27
4NY0,27
19WA,27
82IS,27
11IN,27
0GA2,27
TJBQ,27
KLXY,27
SEQM,27
CT31,27
08FA,27
MI47,27
2TS8,27
KINS,27
WV28,27
ID63,27
00AZ,27
KFBG,27
40OK,27
XS30,27
KZ98,27
LPMA,27
MN79,27
CJA3,27
WT21,27
8NC8,27
OMAM,27
KAFN,27
3FL5,27
KBCT,27
LHKE,27
K3M2,27
EDLI,27
TA55,26
LIDH,26
ULOO,26
WA78,26
KFAM,26
NJ75,26
SLET,26
K2O6,26
67FL,26
NJ95,26
47MN,26
38II,26
6NC0,26
NZSL,26
19NC,26
KTQE,26
27LL,26
KESW,26
LELN,26
10FD,26
71KS,26
98CL,26
K3K6,26
2CD6,26
LECN,26
EDTY,26
9IN9,26
LSZK,26
7PN0,26
79OH,26
KDED,26
ESND,26
IA17,26
75XS,26
7TS2,26
WA68,26
EHMZ,26
OH64,26
9NR7,26
1OR3,26
YJCW,26
00CL,26
8NJ0,26
KLWV,26
KDNN,26
KCLI,26
CSE4,26
WI95,26
1VG2,26
MN45,26
WN92,26
KK52,26
9XS4,26
64NC,26
5FL0,26
KRDK,26
76II,26
LSGE,25
PA76,25
K5G7,25
51VA,25
24OH,25
KHYX,25
KUMP,25
OI41,25
3LL1,25
YSWK,25
II35,25
EDQC,25
11WA,25
CYGB,25
EGOQ,25
8GA7,25
LIDA,25
WA61,25
KMFI,25
42AZ,25
KEND,25
KX60,25
KCGC,25
3FD0,25
TE13,25
IN45,25
CT29,25
OG21,25
6PA6,25
34AZ,25
5MA3,25
9OH8,25
KRSV,25
CYRQ,25
K02C,25
EDGS,25
85FA,25
AZ63,25
KOKK,25
K3GM,25
70MN,25
RKTU,25
FL88,25
EDTO,25
LSGT,25
OG02,25
FA08,25
LFRM,25
7TE7,25
KLKP,25
LSMF,25
EGLS,25
7OK8,25
CO60,25
TX37,25
KHNZ,25
RJTA,25
KDZB,25
8OA7,25
KMHV,25
KP13,25
K2R4,25
KE77,25
27MT,25
GA36,25
20VA,25
5FA1,25
04ID,25
KLAA,25
KTAD,25
NZOI,25
KN35,25
K22N,24
5XS0,24
53CN,24
KK59,24
OI45,24
KDNV,24
31TA,24
1OK1,24
LPBR,24
TX34,24
EDTQ,24
SJTC,24
LSTZ,24
31VA,24
FD35,24
71CL,24
03CO,24
6NJ8,24
07TA,24
54TX,24
LZTT,24
AL18,24
KJFX,24
EDAK,24
WA35,24
0PN0,24
02WA,24
62MO,24
EDSE,24
TX32,24
71TX,24
6OR8,24
64CO,24
KFES,24
KK02,24
EDPA,24
SBBG,24
WA05,24
KCKM,24
8CL6,24
TA37,24
LDZL,24
3TX6,24
II91,24
ESKC,24
YCOR,24
4IL3,24
0OK8,24
XS79,24
0GA4,24
36CA,24
FL81,24
12CA,24
84TX,24
15CL,24
5MI1,24
2OL2,24
KS27,24
7WA3,24
NC56,24
LIPV,24
MU20,24
3IL2,24
58CL,24
TS87,24
K5A9,24
KVES,24
FA30,23
K21D,23
K4S9,23
TN94,23
EKRS,23
OR87,23
LFAV,23
79NC,23
EDJG,23
DE17,23
YHEC,23
KW05,23
37MI,23
1TS2,23
17CO,23
MN15,23
LTBQ,23
7AK6,23
EDTH,23
FL76,23
4OL3,23
5MI7,23
7XS7,23
EGBE,23
NC28,23
33KS,23
YWON,23
KD95,23
7MO1,23
4IN4,23
EDXK,23
AZ13,23
PA65,23
3VA8,23
88OH,23
FD70,23
LSGC,23
CBS8,23
7AL2,23
TS50,23
6CL8,23
77XS,23
60AZ,23
ND52,23
3PA9,23
21FD,23
8MN1,23
EDPG,23
TA28,23
PN85,23
2XA2,23
KRMY,23
27XA,23
K8T8,23
EGWC,23
1MN8,23
95GA,23
LFHC,23
1TX4,23
K1H8,23
KTAZ,23
LFHJ,23
IS80,23
MO64,23
LSMA,23
LPEV,23
TA97,22
17FL,22
K16G,22
KPLU,22
AK24,22
NC59,22
EGUO,22
OI36,22
LFBE,22
84NC,22
0TX6,22
29CN,22
KEZS,22
55PA,22
KM13,22
1TA7,22
DE15,22
CD14,22
6FL0,22
91GA,22
93TS,22
52KS,22
EDNA,22
PA82,22
EGCJ,22
MD50,22
VG29,22
XA86,22
5IN4,22
KT74,22
2DE8,22
FL61,22
3KY3,22
6CL9,22
73MU,22
KPAM,22
95CA,22
K4R1,22
2AL7,22
EBMO,22
CAM3,22
2FL0,22
AL34,22
IL78,22
58TX,22
KDPL,22
KSWT,22
0MN1,22
TE95,22
59KY,22
TX49,22
KVUJ,22
FL00,22
18MO,22
YLVB,22
RPUX,22
RCKU,22
EKVD,22
UUDL,22
TS73,22
MU68,22
KNLC,22
OL03,22
MA16,22
XS21,22
NJ69,22
EGTO,22
15WA,22
MD28,22
62GA,22
KAJR,22
96FL,22
3VA5,22
II21,22
EDBN,22
MO18,22
3TS5,22
EDFQ,22
CO18,21
MO11,21
EBAM,21
KACQ,21
MN58,21
KMMS,21
20FL,21
7FD2,21
KNGW,21
LPCB,21
KM45,21
VO95,21
EVAD,21
41NC,21
TE48,21
55CL,21
TVSM,21
7IS9,21
K82C,21
IA58,21
4TS8,21
NE37,21
FATA,21
CYQS,21
LGSA,21
5AL7,21
K1A5,21
LIRV,21
WN21,21
EDMY,21
LFAI,21
K49A,21
TVSB,21
LL97,21
NZTO,21
KPBF,21
NE42,21
5PS9,21
8AN6,21
K9G2,21
XS92,21
5OI0,21
5NY5,21
11OK,21
EPBD,21
43OR,21
61OH,21
YKTN,21
LFHV,21
9NC0,21
62VA,21
MDBC,21
80GA,21
EDPK,21
5MI4,21
LFQO,21
2CL2,21
12TS,21
KUSE,21
K4K3,21
ID95,21
KEBG,21
2GA8,21
NY62,21
EDRP,21
MDBG,21
PAWS,21
TN20,21
3CL2,21
EGBO,21
KNUW,21
CN19,21
SBKG,21
UMKK,21
KN40,21
DE09,21
5TA2,21
3AK9,21
4IN9,21
YBNA,21
19GA,20
EDQY,20
EDSW,20
81KS,20
GA04,20
WV61,20
EGTU,20
2PN7,20
40IN,20
KN53,20
EDME,20
NC13,20
19AZ,20
85FL,20
4AZ0,20
11PN,20
EDFU,20
JY39,20
FASH,20
LFOX,20
MI45,20
6XA4,20
KDUC,20
LFQJ,20
K2IS,20
4XS0,20
EGHO,20
SBBH,20
K1F4,20
16TX,20
02CD,20
KEXX,20
OR90,20
00VA,20
K3I7,20
MN71,20
KGTU,20
6MO6,20
NJ20,20
SBVG,20
54CN,20
KIFA,20
K7F7,20
NC47,20
NH88,20
AZ28,20
SDNI,20
CNQ4,20
IA94,20
22MD,20
IA47,20
10OH,20
78GA,20
35TS,20
KAOO,20
KN06,20
85LL,20
MD22,20
EDRA,20
1MI8,20
5MO3,20
OI22,20
K22I,20
44TN,20
1IN0,20
KW94,20
42MO,20
VG07,20
10FA,20
K0E0,20
EPSC,20
4GA0,20
3PA1,20
3XA8,20
3CA9,20
5NJ2,20
62FL,19
LIPF,19
K20A,19
KFRR,19
56LL,19
LILI,19
YKBN,19
KY51,19
66FD,19
CO14,19
MA97,19
RPUF,19
1CL1,19
4OI7,19
LL59,19
KI22,19
K0G6,19
EBBY,19
KBAB,19
K3LF,19
8PA3,19
VT15,19
EDWO,19
CYND,19
OK42,19
KJYR,19
66TE,19
9IN2,19
YORB,19
IN93,19
SN47,19
KRUQ,19
62TA,19
KHAI,19
EDWQ,19
KCWI,19
XS25,19
NZTE,19
87NE,19
NZAE,19
08TX,19
26OG,19
8TS7,19
EYKG,19
5CO4,19
EDMD,19
92KY,19
53TX,19
1NK5,19
59OH,19
K3GV,19
KFBL,19
0CN2,19
KCKA,19
TE97,19
KGED,19
ETAD,19
KOEB,19
NE11,19
LSGR,19
2NJ3,19
TE76,19
NZLD,19
NC31,19
5TA7,19
ID43,19
8CO4,19
KH71,19
SDAI,19
MA44,19
NC49,19
ETSL,19
EPWS,19
PAUO,19
9LL0,19
WI69,19
VA89,19
0IL8,19
9PN1,19
YTGG,19
2AZ3,19
KOVE,19
20ID,18
KASW,18
4TE9,18
CSG3,18
IN25,18
KRFG,18
CYRC,18
EBAV,18
17TX,18
8CO7,18
LFGA,18
K31E,18
EBZW,18
CN12,18
35II,18
KPCW,18
1PS0,18
4FL3,18
23FL,18
EDXM,18
CA32,18
EDHK,18
00OH,18
KCXL,18
LDPL,18
K60R,18
OL12,18
CA67,18
OH99,18
MMRX,18
25XS,18
56AZ,18
WN29,18
26AZ,18
KBCB,18
GE35,18
NZME,18
98ND,18
CT11,18
KMTC,18
MN91,18
LFOU,18
6MI2,18
95FD,18
KPLK,18
37CL,18
FL48,18
4LL7,18
K3BS,18
XS80,18
KJYM,18
NC22,18
CYLS,18
NC09,18
LKLT,18
MI52,18
88OK,18
EPPI,18
52FL,18
EDMS,18
0TX8,18
EBNM,18
0CA5,18
NY81,18
KIJX,18
OH63,18
TS47,18
KISW,18
NE69,18
3AR2,18
3AR7,18
0OK0,18
K4G4,18
5II1,18
LFTW,18
38NE,18
NC50,18
SDPW,18
FAFK,18
KUKI,18
NC25,18
IS63,18
07OR,18
13AZ,18
EGHP,18
0AK2,18
YNAN,18
NZCX,18
4IA8,18
TA57,18
5FD7,18
8MS1,18
00NC,18
OG30,18
PN38,18
FL91,18
9MI2,18
K0S9,18
9OI3,18
83TE,18
EPPK,18
09FL,18
3TS9,18
KDUA,18
EGUB,18
4FD7,18
KRBO,18
EGSF,18
KH76,18
K1J0,18
KN37,18
EDAY,18
YTEM,18
KCBG,18
EPKW,17
IA56,17
LFOP,17
OK58,17
WN53,17
54KS,17
EDTG,17
VA33,17
21OI,17
OK07,17
CL04,17
9OH1,17
TS53,17
6TX6,17
GA09,17
EGPG,17
86CL,17
0AL5,17
LL51,17
YSLE,17
98OL,17
FL31,17
EGSV,17
8TS5,17
LIPU,17
LFRT,17
NZDV,17
KUIN,17
EDLF,17
8TA7,17
EDGB,17
5TA5,17
AR08,17
YGAD,17
KPRX,17
5CT0,17
LGML,17
VOPC,17
46IA,17
35CN,17
26GA,17
CSA2,17
KDCY,17
KC80,17
NJ81,17
TS11,17
EBGB,17
CME2,17
K4I9,17
PS66,17
78FD,17
1GE7,17
CYSA,17
GA91,17
K88R,17
73OR,17
7TX4,17
KS39,17
AZ00,17
CA71,17
8PN0,17
XA17,17
LFBI,17
NJ96,17
95TS,17
0GA9,17
8MN6,17
4LL8,17
92PA,17
KHPY,17
17CL,17
EGFE,17
1IN3,17
CA57,17
TE02,17
NH17,17
53OK,17
VICG,17
ETHN,17
9NC4,17
KOXC,17
44MO,17
EDSN,17
WI77,17
4TA4,17
EDSP,17
92CL,17
40FL,17
GE33,17
SIQE,17
XA65,17
2OK2,17
4CL4,17
WN15,17
EGSJ,17
4CL3,17
MO46,17
CO97,17
LEIG,17
EDEW,17
KJDD,17
KONZ,17
K3S8,17
VG42,17
LIDU,16
KNRA,16
RKSM,16
EPCH,16
OM11,16
LEDA,16
DE21,16
AZ43,16
MN99,16
KEYF,16
MY95,16
KE67,16
ESSU,16
EDWR,16
ETND,16
EDBJ,16
7IA3,16
PA49,16
PA20,16
XS75,16
MD04,16
YWLX,16
TE52,16
2LL3,16
LFAQ,16
EGXT,16
KAPG,16
52MO,16
KOVS,16
KRHP,16
12WA,16
OR30,16
KARM,16
WN45,16
EDMB,16
DE12,16
OK11,16
30IS,16
9TA1,16
KOKH,16
VG43,16
YLOY,16
K19A,16
EGPN,16
LOIK,16
63CL,16
49CN,16
OK23,16
OH36,16
OR25,16
OK62,16
54MI,16
TX25,16
ETMN,16
73PA,16
KPOV,16
5AL8,16
KPJY,16
EDWG,16
9PS2,16
43CO,16
KMAC,16
LSGN,16
0CN1,16
LHTL,16
CZBM,16
1CO7,16
KMWL,16
6NJ9,16
0FL9,16
TS57,16
EDRT,16
K1B6,16
II68,16
LFOV,16
ID05,16
K52A,16
XA04,16
K21F,16
KHNB,16
LFQB,16
33AZ,16
LFMY,16
1MI5,16
51NC,16
6FL3,16
KCUH,16
ETIC,16
CYTF,16
WS78,16
5FL7,16
K09M,16
05OK,16
0AZ4,16
EHDB,16
2XS4,16
KSER,16
KHIG,16
6GA8,16
4GA7,16
WI71,16
4OR7,16
CA20,16
6IL2,16
ESKM,16
3TN8,16
YRSY,16
K1A3,16
EDTF,16
4MI0,16
14NE,16
1CO3,16
EHHV,16
SDBA,16
NK89,16
OI01,16
LFBF,16
LDSB,16
LILE,16
LOAG,16
LFJR,16
KAFK,16
K7M5,16
25CA,16
35AR,16
2OH9,16
II73,16
9TE7,16
LFPP,16
KF34,16
6LL6,16
XS48,16
K6G4,16
K0J9,16
3FL0,16
YSFY,15
TA49,15
K0L9,15
EDNG,15
RJBE,15
FL58,15
8PN9,15
CT51,15
EDSH,15
06MO,15
OK96,15
LZBD,15
2CN3,15
KTMK,15
0GA3,15
K35D,15
GA49,15
LESB,15
VG25,15
IN65,15
KAOH,15
K1H3,15
73CA,15
0II0,15
LIDT,15
LL45,15
LIDP,15
WV22,15
K54T,15
60OI,15
CYJN,15
UMGG,15
50II,15
54MN,15
OH61,15
K6B9,15
IA24,15
LFBX,15
NR02,15
XS59,15
CHD4,15
2CN4,15
9MI6,15
69XA,15
AL08,15
CO17,15
AL69,15
LSZN,15
8TS2,15
PA30,15
EDFL,15
PA73,15
CT09,15
EFJY,15
05MD,15
KAPV,15
KF44,15
MD82,15
CEB8,15
CN29,15
2GE3,15
LHPA,15
PA92,15
KN13,15
OIBA,15
YWCK,15
38WA,15
TX68,15
OMDM,15
3KS1,15
K6I6,15
06OR,15
EDNV,15
KMNN,15
EDCT,15
LFCI,15
2CD9,15
CNA3,15
CT74,15
K63M,15
00AL,15
EGFH,15
5TS4,15
MD73,15
GMMY,15
10TE,15
YLYK,15
0OR9,15
6GA4,15
KNOG,15
FL82,15
91TE,15
EGBM,15
WN87,15
RKUC,15
OR41,15
LFOE,15
EDVY,15
MMES,15
LHFM,15
CBR9,14
LKBA,14
0GE0,14
GA50,14
5TS0,14
18NC,14
LIER,14
34WI,14
PN50,14
19IL,14
3IN2,14
MI35,14
KAKQ,14
WA87,14
08CL,14
36MI,14
KMNM,14
LGEL,14
VA81,14
PN47,14
LSTS,14
1KS5,14
EDAV,14
KZZV,14
9TX7,14
15FD,14
7WA7,14
41TS,14
EDXB,14
YMEL,14
5IL2,14
1AL4,14
K3F9,14
8TE0,14
EDAM,14
YGRL,14
YJBY,14
9TS6,14
USSK,14
NC76,14
EDMH,14
20NY,14
75OK,14
EGHC,14
8CA0,14
KFBY,14
02AK,14
MS22,14
3MI5,14
67CL,14
5II9,14
KHFF,14
EDTZ,14
LFCS,14
04LL,14
1CO8,14
EDOB,14
NC16,14
34CO,14
53VA,14
KPLD,14
OBBS,14
K5M0,14
OG34,14
EDNH,14
DE10,14
82KY,14
YYRK,14
LFCR,14
13OH,14
7TS0,14
WN49,14
3OH1,14
VT64,14
34IN,14
TX47,14
EGLJ,14
FAWK,14
53AK,14
KW40,14
50FL,14
CPP3,14
NE82,14
4NK1,14
EGNW,14
1AZ8,14
EDQM,14
KHEE,14
25XA,14
TX66,14
2GA9,14
59CL,14
2IS6,14
KF32,14
FL80,14
LFPE,14
WMKF,14
ESTT,14
TA19,14
7IS2,14
NC86,14
CO12,14
ESSX,14
32TE,14
K3A4,14
NE59,14
7PS4,14
46CN,14
5GA5,14
CA17,14
30TX,14
VT01,14
11MA,14
68NC,14
K9A4,14
WV47,14
2IL3,14
LFRV,14
40AK,14
GA16,14
51WA,14
MI27,14
47KS,14
LOXN,14
86WA,14
89TX,14
0GE4,14
EDQD,14
SADQ,14
NC40,14
LFCK,14
USSS,14
03MA,14
OH93,14
LSPN,14
67TX,14
MA53,14
LFSG,14
3LL3,14
OIKP,14
IN71,13
CA92,13
KUBX,13
0TN5,13
08OH,13
KGLS,13
6NC9,13
58AR,13
KT78,13
2KS9,13
7AR0,13
AK19,13
61XS,13
YDVE,13
ESSV,13
7CA6,13
7NC3,13
WN14,13
TX45,13
1XA1,13
UT41,13
VT23,13
4FL5,13
XA07,13
1AK8,13
TA51,13
2TE6,13
CYPA,13
2CO5,13
0AR3,13
K3HO,13
CO58,13
MD85,13
63OI,13
25NC,13
KO42,13
ID68,13
K38D,13
KSDA,13
78NC,13
9MN6,13
RPUL,13
K2A6,13
5MN4,13
4OR8,13
EPRJ,13
TE50,13
2OK7,13
FL86,13
69FL,13
K1G5,13
EDQH,13
7WI8,13
GGOV,13
1OH3,13
0TX1,13
OMAL,13
EDCM,13
05TA,13
76OI,13
26FD,13
K45G,13
TA11,13
5NY4,13
13CL,13
EHGR,13
LFCX,13
K8D1,13
YZCE,13
3XS8,13
5OK4,13
K3F7,13
LFLJ,13
CO55,13
4KS1,13
08XS,13
AK72,13
ESNM,13
KIZA,13
PN01,13
KI23,13
51TX,13
K7SP,13
16FL,13
WA21,13
KEDN,13
0AZ5,13
MU21,13
KTVY,13
66OK,13
K3L2,13
SSGP,13
WN54,13
71TE,13
2OA7,13
MY43,13
WN00,13
EDLB,13
0PA0,13
RJOI,13
8OA6,13
K36U,13
MS53,13
YWBL,13
EGXG,13
OMAF,13
1CD1,13
NE12,13
93WA,13
97CL,13
MY18,13
9TS3,13
EDRI,13
VA85,13
60TE,13
TS90,13
6VA4,13
FA51,13
4CA8,13
7FA8,13
K79J,13
78MI,13
VNBW,13
EGBS,13
LDSP,13
KH34,13
MI11,13
NJ61,13
65CL,13
28XS,13
7XS1,13
EGHA,13
VG00,13
5XS9,13
EICM,13
2DE2,13
LZPP,13
89VA,13
SBAF,13
KRMG,13
8PA8,13
K61C,13
JY43,13
MD62,13
CO96,13
LFDG,13
7NC5,13
K1A4,13
KTOB,13
LTBR,13
TX42,13
54NC,13
61TE,13
TS02,12
4MD8,12
K1C2,12
EGSO,12
CSJ4,12
6OK0,12
KCCY,12
17FA,12
URWA,12
SDVH,12
KN89,12
K7I4,12
4TX5,12
K14M,12
7OI9,12
KEOP,12
9WI4,12
7XS6,12
OI26,12
VT26,12
CN38,12
K8Y6,12
5GA7,12
43OI,12
AZ57,12
YWGM,12
FL90,12
PA44,12
5XS5,12
0II1,12
35WI,12
KMAI,12
7MD1,12
PA77,12
EYKS,12
UT40,12
YBOA,12
27AZ,12
40KY,12
KGRF,12
0NC8,12
8TN3,12
33CL,12
DE00,12
8MN5,12
K24A,12
OL05,12
SN78,12
FD86,12
OI32,12
20GA,12
16AZ,12
9XS0,12
KFAR,12
1LL4,12
AR27,12
PA55,12
CL84,12
LIAA,12
8TS1,12
CO07,12
NZAS,12
5PA2,12
22OK,12
56TS,12
LEBG,12
20NC,12
OMAD,12
CT14,12
4WA1,12
PS23,12
GA76,12
FA50,12
OR72,12
LGST,12
KF53,12
XA15,12
0XA7,12
80CA,12
EDQN,12
EGPJ,12
LFRJ,12
MA30,12
25TA,12
3AL1,12
72IS,12
LGIO,12
7IL3,12
KEFK,12
EHTX,12
75OI,12
EPSO,12
KANQ,12
GA61,12
87NC,12
KOYM,12
01IA,12
NE27,12
5CL3,12
9TX4,12
WA77,12
KDSM,12
4MO8,12
89OI,12
02MD,12
2NK9,12
XS47,12
NC20,12
3NC7,12
64NY,12
CN44,12
PS11,12
YOAS,12
KMGG,12
KK39,12
SN42,12
K02G,12
38OI,12
8WI3,12
1GA9,12
YDAR,12
FD03,12
LOGW,12
TE45,12
8MD5,12
KH04,12
CPT9,12
LFMO,12
II10,12
MI53,12
EGTH,12
IN70,12
25TE,12
EDNE,12
1PS4,12
KGYB,12
KCLR,12
49CL,12
8II2,12
K68F,12
3OK7,12
KD86,12
KHNR,12
NE18,12
KFRH,12
11FA,12
SJQT,12
2IS9,12
MMNG,12
EDQF,12
YBUP,12
LOAS,12
EKKA,12
SC70,12
2WI0,12
GQNO,12
KDSV,12
CSR3,12
2MN8,12
TS54,12
AL10,11
40TE,11
52IN,11
KRRL,11
CA18,11
0LL4,11
IA35,11
GOGS,11
14VA,11
8FD3,11
EDMV,11
8AK6,11
55FD,11
1OL2,11
SWMC,11
K79D,11
9PA3,11
10OK,11
MD46,11
2MI9,11
EBST,11
87TE,11
EGDT,11
3IN7,11
KH68,11
SADL,11
KRID,11
IL18,11
51TE,11
EDFO,11
77GA,11
EDNR,11
KCFS,11
18PA,11
YLIS,11
0GA1,11
3TS3,11
II28,11
KMOP,11
CD20,11
KJEF,11
CPF3,11
MD43,11
01LL,11
AL55,11
LIVV,11
CEF4,11
II77,11
85MI,11
21MO,11
12AR,11
EDMN,11
01NH,11
KEEN,11
LKSZ,11
2FL8,11
44PA,11
K10G,11
ENEG,11
MY82,11
XA46,11
IS33,11
PADK,11
38AR,11
7NC9,11
33OK,11
ID44,11
FABB,11
83MU,11
NC52,11
AR94,11
8CA8,11
EGDJ,11
CTN7,11
47AK,11
MU12,11
VA04,11
KACT,11
AK50,11
GE27,11
5TX2,11
AK55,11
CAH3,11
5CA8,11
79CL,11
4MO6,11
VTBH,11
CA21,11
K5B2,11
GA90,11
FASK,11
LSML,11
EDPD,11
OK21,11
7IN7,11
VT39,11
K3I3,11
LFDJ,11
4XS1,11
9CL5,11
OI28,11
EDFX,11
EDEL,11
SIDN,11
YCMH,11
AK39,11
KY50,11
92IN,11
LOIR,11
6NJ0,11
KJHW,11
EPPW,11
K1N1,11
NZWJ,11
LFRZ,11
SN57,11
7MO3,11
LFCG,11
09NC,11
KAEL,11
IN46,11
08NY,11
1CO2,11
12CN,11
ESSE,11
LFMQ,11
84OH,11
23LA,11
55NY,11
7WI0,11
FD83,11
72OI,11
1AZ2,11
K77G,11
LOLS,11
EPSW,11
KGON,11
EDMQ,11
EGPT,11
6LL5,11
KNRS,11
PA17,11
1XA2,11
MN46,11
43OA,11
18GA,11
VA71,11
17NC,11
K67L,11
9XS1,11
II52,11
16TE,11
LE84,11
25CD,11
5CL1,11
7MY9,11
KIZG,11
2IL9,11
K8W2,11
2PA0,11
WI65,11
KIGM,11
VG37,11
1XA7,11
KSAR,11
EPRG,11
KTIP,11
89IA,11
45IN,11
OA16,11
IN63,11
LFPA,11
CO77,11
KMCB,10
96IS,10
EHTW,10
67OH,10
MO78,10
CCR9,10
71MI,10
6XS7,10
56OI,10
KLAW,10
84IL,10
WA63,10
5MD8,10
6MO2,10
86OH,10
62IN,10
AZ45,10
EDXQ,10
2GA5,10
4TX3,10
K94R,10
NK47,10
KFYJ,10
PA47,10
KGNT,10
7MD9,10
8FL1,10
MN47,10
86CO,10
K0F9,10
IN51,10
NZES,10
TA70,10
69PA,10
EDQA,10
OPLA,10
OH68,10
16MD,10
NZMA,10
EDCE,10
LOAB,10
RI07,10
EBSG,10
CMB7,10
4PN8,10
2MD4,10
54CL,10
KGZS,10
K7W5,10
MA70,10
11MD,10
EGNO,10
EDLD,10
RPLS,10
ID40,10
EHSE,10
MO45,10
XS86,10
KBFR,10
MO68,10
MI09,10
MU26,10
32GA,10
2TE2,10
06IN,10
4NY4,10
KPPQ,10
EDAC,10
00WA,10
LFAC,10
17GA,10
5OK6,10
41TX,10
9WI5,10
EDVU,10
3OH0,10
OH95,10
3VG7,10
26ID,10
8KY6,10
OH35,10
2VG2,10
ID13,10
06WN,10
CCT2,10
1PA4,10
93MD,10
WA88,10
4MO9,10
7MI6,10
LILV,10
EDSZ,10
YBOG,10
XA41,10
86GA,10
TA17,10
TE74,10
3TE3,10
KOLY,10
LOLC,10
95WA,10
6MI7,10
EDWC,10
NC06,10
EDRB,10
CL23,10
LYBT,10
EGHG,10
PN43,10
24AZ,10
1IS0,10
K4A0,10
TS85,10
6AK2,10
LKJC,10
6MI3,10
1OA7,10
3PN3,10
CYCW,10
VT45,10
ETIN,10
PS21,10
KLUF,10
73TE,10
EDMF,10
7MN3,10
PA08,10
AZ01,10
KOWA,10
LKKU,10
SDRR,10
K13C,10
KVCT,10
34OI,10
YGAW,10
KX51,10
KI67,10
MDLR,10
YLAG,10
1GE9,10
EGTW,10
2OA5,10
RJAH,10
DE32,10
NC71,10
KRJD,10
EGCS,10
75TS,10
WI62,10
K0C4,10
KGSB,10
FA77,10
KPIM,10
91LS,10
44WI,10
EGTA,10
1VA5,10
CT08,10
1WN1,10
KT20,10
KHAE,10
WA26,10
IL35,10
51AK,10
XS01,10
ID79,10
EPMM,10
K1S5,10
2AZ8,10
8GA8,10
38CN,10
3MD5,10
PN25,10
OK56,10
9WN4,10
EDQT,10
KCEV,10
CD17,10
KDKB,10
XS63,10
K8N8,10
K3O3,10
XS18,10
48MD,10
EDAU,10
3MS5,10
KW90,10
0FA1,9
BISS,9
SSDK,9
75MI,9
4MI6,9
74FD,9
TX12,9
AZ86,9
1XA0,9
OK01,9
0TA4,9
EGSU,9
PAGQ,9
11OA,9
SDTF,9
MO85,9
6PA1,9
05AR,9
39WI,9
OI62,9
0CA8,9
EGWN,9
IN35,9
94IL,9
IS47,9
MRCZ,9
KLCG,9
OK94,9
5TA9,9
1IL4,9
TX81,9
5OR8,9
9NC8,9
AZ79,9
MO14,9
YRBN,9
MI88,9
33CA,9
OI38,9
KF31,9
MI67,9
ID25,9
GVAC,9
KMSV,9
NC99,9
KFRM,9
KAJG,9
LSZP,9
5AZ6,9
OK16,9
2PA1,9
3GE3,9
NJ16,9
EPST,9
YCTM,9
29AZ,9
96ID,9
3PA2,9
KEKM,9
32NC,9
MI55,9
42NY,9
DAAX,9
1OH7,9
KVCV,9
WA29,9
5XS4,9
24VA,9
6NC1,9
67TE,9
2MY4,9
TS71,9
3LL6,9
GEML,9
42NC,9
AK17,9
TA90,9
LICA,9
3NJ9,9
TS18,9
VA56,9
GA86,9
K1G3,9
9OA4,9
TE86,9
K6A4,9
11MO,9
OL20,9
34FL,9
KCOU,9
KMZZ,9
3XS5,9
LROD,9
9NE4,9
67OG,9
07VT,9
EDCS,9
KMQI,9
YMVM,9
0TE7,9
51CL,9
PS46,9
KBRY,9
II11,9
EGCL,9
WA56,9
XS67,9
TA87,9
IS41,9
EEKE,9
RJTF,9
KL62,9
8XS0,9
4GA4,9
PS02,9
5CT6,9
9OA9,9
LOWZ,9
EPSJ,9
EGST,9
MI76,9
5TE7,9
MI05,9
6IA6,9
15OK,9
OMUQ,9
4WI6,9
8MO3,9
SADZ,9
93MN,9
MD53,9
YBFT,9
73IA,9
KANB,9
WN24,9
5GA0,9
KLIC,9
35MI,9
XA99,9
EDQK,9
8MO5,9
K8G1,9
01FA,9
YBYI,9
ESSD,9
5WN8,9
0IL2,9
82NC,9
EGUP,9
1NC9,9
NY82,9
EDKM,9
00TS,9
5NK5,9
6KY6,9
6OH6,9
NJ79,9
K12G,9
50PA,9
68ID,9
TN81,9
IL56,9
KVGC,9
EDKA,9
62NJ,9
28CA,9
CA22,9
K34R,9
22ID,9
NZOX,9
NJ52,9
79TX,9
2TS3,9
CYSC,9
0PS4,9
7OR6,9
NZKD,9
7IL6,9
LFSN,9
RKSG,9
80XS,9
WA90,9
KDEW,9
76TX,9
PN59,9
0MS5,9
LSGP,9
7IS5,9
EDSI,9
PS99,9
9TN4,9
OR29,9
VA45,9
IL39,9
SDLP,9
18WV,9
YWSG,9
3MI7,9
SDFH,9
6IN3,9
LFPK,9
52TS,9
KI64,9
SN83,9
OI40,9
97OG,9
IN84,9
VA93,9
KC91,9
CNC4,9
LKHV,9
KNDZ,9
OR65,9
CA45,9
NJ25,9
AZ85,8
YYNG,8
VA61,8
II19,8
YBEV,8
CLV2,8
TA02,8
1NC0,8
FL43,8
9KS1,8
MI13,8
ENRV,8
NZWV,8
0PA7,8
13MS,8
NZGC,8
2NC4,8
KENL,8
LFCQ,8
11CA,8
EGHJ,8
MU13,8
MI99,8
3MS2,8
OMRS,8
6NY7,8
LIDV,8
EGNG,8
KGAF,8
21MU,8
85TX,8
KSQI,8
EDMK,8
1OH1,8
7KS6,8
CO38,8
1MA5,8
19PA,8
0GA7,8
KEBS,8
92VA,8
MO65,8
58AK,8
6MD7,8
9MO4,8
K3O9,8
CYZG,8
59CO,8
IN62,8
4TX8,8
KI40,8
XS43,8
FL34,8
GA89,8
TA59,8
91TS,8
CA62,8
47IN,8
KOQW,8
9NJ8,8
PN66,8
LSZO,8
27GA,8
14MI,8
LFJH,8
YPID,8
CSB3,8
WI87,8
KIKG,8
EGPC,8
YBCM,8
K14A,8
32TX,8
4OH4,8
7OH1,8
EHHO,8
5OR3,8
0NJ5,8
AL29,8
LICZ,8
6ID1,8
KOXD,8
EGHL,8
K33M,8
8CL9,8
KS45,8
3MO2,8
NE65,8
OH92,8
1WI6,8
KC17,8
24CL,8
KAPH,8
SAAP,8
00WI,8
XS68,8
37NE,8
XA45,8
1PS9,8
45CN,8
WI60,8
YPMH,8
LFDY,8
VA83,8
48FL,8
14AZ,8
K37K,8
NY35,8
21GE,8
LFMW,8
RJDM,8
ETSN,8
44TS,8
K4I7,8
WN07,8
CNZ8,8
CML2,8
AR22,8
K93C,8
EDTL,8
24LL,8
NJ72,8
EDLR,8
2MI4,8
4PA8,8
NK19,8
LSZJ,8
0XS1,8
MN41,8
3NJ5,8
KAAA,8
K00R,8
CNF4,8
2OK9,8
54II,8
27OH,8
78TA,8
98PA,8
K27A,8
0KS3,8
VG18,8
87PA,8
EDFW,8
6TA2,8
68XS,8
OG44,8
9CA7,8
LKNY,8
53MN,8
CNY3,8
LSZI,8
10OR,8
KLNN,8
KPRG,8
FD93,8
EDKN,8
EPBA,8
K14G,8
09MO,8
FD29,8
66OI,8
8IA9,8
EDEP,8
LFFQ,8
5OI9,8
19XS,8
NK72,8
41ID,8
TX29,8
NC37,8
18OI,8
KAOV,8
CFV2,8
KELA,8
9TE5,8
CCE6,8
ETHS,8
OK29,8
3IS4,8
OK51,8
39FA,8
8IN9,8
LLSD,8
83IS,8
K6R3,8
KIPJ,8
IN98,8
SSIS,8
4KY8,8
EPKN,8
LFVP,8
CGB2,8
TA63,8
69MY,8
95TA,8
EDXY,8
KHLM,8
MO34,8
IN34,8
EDPO,8
CA19,8
LFRU,8
LFRD,8
0CA4,8
IS34,8
LIAR,8
UWLW,8
WN40,8
KGRE,8
LL66,8
6PA5,8
XS14,8
16II,8
ID35,8
52WI,8
MS09,8
EDFY,8
KOZR,8
LFHE,8
1IA6,8
KF48,8
K9G8,8
57CN,8
KEDG,8
YBUY,8
WI13,8
XS40,8
UWGG,8
DE49,8
KAAF,8
TX93,8
TS25,8
5GE1,8
04MI,8
MO49,8
6NY3,8
TN14,8
ETT1,8
9AK3,8
34TS,8
LIPI,8
LFLR,8
XS64,8
DAAB,8
XA85,8
CT32,8
FD26,8
PN56,8
XA68,8
WA17,8
OR59,8
SDRK,8
LOLH,8
WI00,8
GA79,8
0IL9,8
26OK,8
0AL1,8
CSU3,8
IA68,8
25IN,8
YNSH,8
8FL2,8
56OH,8
6CA6,8
LFJS,8
NJ50,8
EDBK,8
0MN8,8
LSPO,8
6TX7,8
40OI,8
K07V,8
K2H0,8
92CA,8
0II6,8
9OI5,8
TE92,8
78VA,8
EGMA,8
VA14,8
CLA4,8
KEOS,8
YRID,8
3GA1,8
96CO,8
8TA3,8
61LL,8
30GA,8
18II,8
21AK,8
6MU4,8
KPHN,8
SDFF,7
6FL2,7
OI78,7
LFJB,7
CYCC,7
9OI7,7
DE11,7
1OI9,7
2WA1,7
MI04,7
AZ21,7
0GE5,7
5PN8,7
KCLL,7
PA35,7
6MD1,7
KZ01,7
IN26,7
K2R7,7
2FA2,7
KFKN,7
GE99,7
MS61,7
LFBT,7
K93Y,7
CSY3,7
6FD5,7
IS13,7
48AK,7
7NJ9,7
48OK,7
IN55,7
CA69,7
IA03,7
WI1C,7
16MO,7
4GA6,7
66XS,7
9LL9,7
52CN,7
TX23,7
52CL,7
2CL9,7
09NR,7
YWND,7
YPAG,7
TA86,7
WV17,7
5PN7,7
EPZB,7
38WV,7
1GA6,7
KXSA,7
K9A0,7
CNU4,7
K7N1,7
TE55,7
1XS4,7
8MI4,7
YBZA,7
KMYJ,7
69NC,7
TX64,7
3VG9,7
55NM,7
37IL,7
80VA,7
8PN2,7
3II9,7
AK68,7
FD37,7
67LL,7
KGEV,7
1NC1,7
KWDG,7
KN69,7
PS03,7
YGVE,7
7NK1,7
K4M1,7
NK05,7
K94K,7
4PS4,7
32LL,7
DAAK,7
8FL3,7
SSBN,7
KGDW,7
KN82,7
EDQO,7
KOLE,7
DE07,7
KCRO,7
6CL6,7
49AK,7
7OI0,7
8FD2,7
EDMP,7
90WA,7
4WN9,7
93IA,7
5WI5,7
16NC,7
AZ61,7
XA75,7
46MS,7
K2G2,7
KT65,7
OR05,7
XS11,7
MO03,7
ETIH,7
XS10,7
LPST,7
II96,7
AK05,7
LFBA,7
LFRO,7
4KS2,7
70AK,7
4OH8,7
NY91,7
2OG5,7
97PN,7
LKVO,7
83LL,7
8OR5,7
1OA4,7
OK12,7
SBBP,7
CNS8,7
CSC3,7
LFKB,7
EDSG,7
8WI6,7
KUTS,7
KC08,7
1OA8,7
2II6,7
NC27,7
3PS8,7
LZNI,7
EDCX,7
OH18,7
86NC,7
6TS1,7
10IN,7
EPOK,7
62AR,7
EDBO,7
CPR2,7
62MD,7
KSCB,7
3AK4,7
5MD5,7
22IN,7
KGTB,7
SC33,7
78WA,7
3IA1,7
93WI,7
86NE,7
1NC3,7
MI38,7
EYSA,7
CPZ3,7
VG12,7
8OK2,7
0MU7,7
60CL,7
9IN3,7
20TE,7
LKJA,7
LFON,7
EGHN,7
2ID6,7
4FL2,7
FA26,7
2GE8,7
KW28,7
YXTA,7
XA23,7
1OK6,7
44TE,7
32PN,7
NM88,7
1PN1,7
12MI,7
TS44,7
5TS2,7
01CL,7
PA86,7
SAAV,7
EDRO,7
CT43,7
7LL9,7
85TE,7
4MO4,7
GA82,7
RJDC,7
AK99,7
RKRB,7
KIIB,7
K6K5,7
NC81,7
20FA,7
K44C,7
SN85,7
LIDG,7
EKHK,7
RKSW,7
23PA,7
LSPH,7
SC80,7
CBW8,7
3VG4,7
KSEP,7
OI07,7
KRQO,7
KT36,7
CJL5,7
YBTH,7
K71N,7
IN20,7
ETHL,7
8IL6,7
4NK3,7
LZPE,7
EGNC,7
7IL7,7
4TA6,7
2LL9,7
CYAV,7
HOPA,7
YSPE,7
NC48,7
KH19,7
IA97,7
00MD,7
K4S2,7
LIMG,7
7WA0,7
PN40,7
KELM,7
KBNW,7
0TX9,7
72MO,7
KFIG,7
WT44,7
4FD3,7
0CO8,7
LFEX,7
IG02,7
CPJ5,7
0OH6,7
06ID,7
EDNP,7
MD74,7
LIPM,7
KMVL,7
7NC7,7
9LL2,7
5OK9,7
ID26,7
TN87,7
0OK9,7
4IS5,7
2CD3,7
LFGB,7
5KY6,7
EDST,7
XS00,7
92TA,7
96GA,7
1MN5,7
4IS9,7
3PA0,7
GABS,7
4NC9,7
87VA,7
68PA,7
0XS6,7
SADJ,7
KDDH,7
LFNE,7
YPEF,7
3OH5,7
0AK1,7
7OK0,7
LL09,7
42VA,7
49MN,7
WN44,7
LOLK,7
EERE,7
28IN,7
PA66,7
KK81,7
3PN2,7
3GA0,7
LEVD,7
K7V9,7
EBCV,7
TA65,7
MU19,7
4CO2,7
EGHB,7
18AR,7
KC73,7
KDEH,7
FD39,7
LFKP,7
EHDR,7
LJNM,7
EDRJ,7
26CA,6
IN39,6
KW45,6
K2O8,6
TA22,6
OI52,6
WI52,6
MD17,6
EVGA,6
2MD1,6
FL06,6
KY83,6
24WN,6
AN01,6
2NC1,6
9TE0,6
LSMM,6
04IL,6
LHSM,6
8AK5,6
27WA,6
0OI3,6
95VA,6
IA18,6
GA94,6
MO01,6
PA69,6
MA64,6
ESSP,6
MU85,6
LPMR,6
KGBN,6
KGSP,6
32OH,6
60TA,6
SDAA,6
47OK,6
KVIH,6
CL24,6
EDRG,6
82OI,6
K4G8,6
CD09,6
CYGK,6
NC97,6
KELZ,6
OEPS,6
6WN6,6
KY31,6
LFCJ,6
6OH1,6
KMTP,6
EDLH,6
OH42,6
TE75,6
IS24,6
KEST,6
4XA2,6
LIMN,6
YELW,6
EGMT,6
PS54,6
20XS,6
4OI9,6
67OK,6
KPDC,6
LSTB,6
PN46,6
NC58,6
KI54,6
09TE,6
1XA4,6
7OH3,6
LFGO,6
4II0,6
EGQL,6
IL29,6
K2R9,6
TA05,6
KO53,6
PA22,6
CCS6,6
LSPA,6
FD53,6
69CL,6
97CO,6
YASS,6
1II4,6
ESNC,6
16OI,6
K56D,6
WS14,6
XS95,6
1CD2,6
SIFV,6
KSEQ,6
2GA6,6
2MO0,6
WN76,6
8OH4,6
II51,6
TE12,6
IN85,6
69OI,6
EDHW,6
69TX,6
90CL,6
4AK6,6
12AZ,6
9AK5,6
FL66,6
2MN9,6
CSD7,6
EDWX,6
IN82,6
4IN8,6
44AK,6
YDUN,6
MN77,6
K06M,6
9IN8,6
6TS2,6
LKJH,6
KCQA,6
OEAH,6
5AK6,6
2PA3,6
9NE6,6
22WN,6
8MO4,6
LILA,6
5FD5,6
0OR7,6
KT00,6
9OI6,6
25GA,6
EGSL,6
2TA4,6
68CO,6
4NC3,6
XS55,6
43MO,6
6IA5,6
NE31,6
EDFR,6
LFSH,6
XS91,6
MS41,6
KUWL,6
KHSI,6
RI20,6
90AR,6
8PA0,6
ESKX,6
KRPJ,6
90OI,6
FD94,6
LFFC,6
YBOO,6
KGUS,6
70IL,6
VT42,6
MO04,6
SDNY,6
LSPG,6
27MI,6
86KS,6
1GE4,6
IN19,6
7II7,6
KALI,6
51PA,6
EGYI,6
1IA9,6
3MN8,6
LFHN,6
8XS9,6
LKFR,6
OK49,6
KT17,6
0LL2,6
7OK1,6
73KY,6
K6G1,6
MO36,6
KMCZ,6
LFNZ,6
NC79,6
UUBI,6
EDCA,6
MI70,6
KF35,6
KOGS,6
K17M,6
57IS,6
CL13,6
NY92,6
EDSR,6
KVTI,6
89CA,6
MI43,6
LJPO,6
EDNS,6
CL11,6
67CA,6
KSIF,6
69KS,6
OI08,6
LKCR,6
1MU0,6
ETHC,6
EDOE,6
6OR7,6
OA51,6
MO35,6
MY97,6
5GA4,6
6AR8,6
KIPT,6
PS68,6
OIBS,6
8NY5,6
CJL9,6
9PA5,6
TS94,6
KCMY,6
LL44,6
8OI3,6
4TX0,6
II85,6
OR00,6
EHST,6
SDSC,6
XS42,6
MD70,6
KCTK,6
LFLO,6
K1M4,6
42TX,6
XS23,6
WN20,6
20CL,6
NC34,6
CPV4,6
70NJ,6
KK36,6
PA81,6
OA11,6
IN69,6
VA57,6
OI55,6
MD55,6
MU84,6
KFPK,6
OR27,6
LFFL,6
NY96,6
EGWE,6
55WA,6
SDMC,6
02GA,6
FL75,6
OH34,6
EDPQ,6
CTF4,6
EEKA,6
OH77,6
EDEG,6
SN22,6
NZCB,6
KE78,6
KM90,6
AR35,6
5AR1,6
LKMB,6
TVSV,6
YOLA,6
40KS,6
2AZ1,6
CO95,6
51OK,6
KNUI,6
LIQN,6
10GA,6
2VA8,6
LIBG,6
85PN,6
KSFM,6
7AL5,6
LJSK,6
NY18,6
OI42,6
AZ32,6
CYBL,6
CA53,6
0NK3,6
EGKE,6
OG29,6
43TA,6
GA44,6
8OH8,6
TS01,6
EDQL,6
TA01,6
PA21,6
92NJ,6
FL41,6
00NY,6
K8B1,6
13PN,6
1TE4,6
32TA,6
LTBX,6
LKSK,6
OH44,6
2OA4,6
37TS,6
LESL,6
LL74,5
87IL,5
EDGU,5
4VA3,5
LFEM,5
98OK,5
26LL,5
OA85,5
47MI,5
EBLE,5
11NY,5
14TA,5
67VA,5
OIBP,5
K7A5,5
VIAG,5
IN47,5
3LL9,5
KPWG,5
LL78,5
KSFY,5
YITT,5
72IN,5
1TS9,5
8OI5,5
LGKC,5
18OH,5
LIPC,5
8LL1,5
LKCO,5
6WA2,5
OA10,5
SDIN,5
PN30,5
WV53,5
EDXG,5
2IL4,5
II20,5
82WI,5
57GA,5
LSPF,5
EBBE,5
EDBG,5
NE40,5
KMIE,5
MO00,5
1DE5,5
95OK,5
4IL4,5
33PA,5
NE67,5
4MN7,5
50FD,5
PS87,5
PS20,5
28KS,5
K25D,5
IL93,5
LOGF,5
9MD9,5
EDHN,5
EDLG,5
4WN2,5
4TE0,5
CBN7,5
VG40,5
NJ74,5
EDPF,5
KI43,5
TX54,5
OH97,5
OI84,5
OG13,5
ID21,5
K60C,5
5WA9,5
CYRJ,5
CMN3,5
SA04,5
KOAJ,5
9OK7,5
07GA,5
KX40,5
2TX2,5
IN03,5
MO74,5
78II,5
5TS3,5
69XS,5
KN96,5
NK24,5
LFDH,5
II14,5
5OI3,5
LFDS,5
84OL,5
LFOD,5
9WI6,5
MN08,5
K63C,5
KTGI,5
8OI9,5
EGBF,5
91OH,5
KBRO,5
8NE2,5
75NY,5
KAXA,5
13IA,5
EGQK,5
IN13,5
EDNM,5
MY66,5
WS32,5
2FL3,5
9FL1,5
LGKY,5
LFPQ,5
EDOM,5
69OR,5
ENHS,5
1PA6,5
7OI5,5
KOJA,5
5AR3,5
36GA,5
KRZL,5
42AK,5
42MI,5
FD81,5
16NE,5
FAPU,5
7KY3,5
LILH,5
4PN7,5
8KS9,5
CO11,5
YCTN,5
YCWS,5
K7B6,5
47II,5
IS57,5
9IL7,5
FL15,5
PASW,5
0VA9,5
EKTD,5
AZ77,5
4XS8,5
7CO5,5
04MO,5
47MO,5
1NY5,5
WS45,5
0LL6,5
5OK3,5
OI46,5
NC14,5
PA58,5
4OK7,5
LKHC,5
09FD,5
KNYG,5
78AK,5
XA72,5
EGSR,5
NC77,5
IL36,5
5AK9,5
EKSV,5
80NC,5
KOLZ,5
EDOI,5
KC74,5
SN89,5
54AR,5
02CL,5
KGQQ,5
03OH,5
48OH,5
KEWN,5
3WI0,5
24TX,5
MO43,5
88NY,5
07CO,5
VA23,5
KM17,5
LFIT,5
9OH2,5
GA02,5
8II3,5
04FA,5
03WA,5
AL41,5
OK97,5
SBAQ,5
28II,5
LFFZ,5
0II8,5
YLKE,5
66IL,5
LFHS,5
NZTA,5
SC96,5
3LL4,5
PS70,5
3VA0,5
1CO5,5
14XS,5
1PA9,5
04II,5
TS03,5
GA59,5
KHZY,5
LFSO,5
14FL,5
CSP6,5
4WA4,5
EDBH,5
NC11,5
53IN,5
UUBM,5
73TA,5
EGDY,5
II26,5
EGOW,5
K01G,5
27CA,5
EDBF,5
MI80,5
NY59,5
KART,5
9GA0,5
KM37,5
XS12,5
KI76,5
4LL4,5
MI15,5
KFMZ,5
SDTB,5
NZFF,5
LLEK,5
LEJU,5
EGSW,5
KEAG,5
3WI1,5
NK54,5
KPMB,5
NZHR,5
KM32,5
KMJQ,5
4OR5,5
60IS,5
AL88,5
MA63,5
LFDW,5
68IS,5
34CN,5
8IN2,5
15TX,5
9OA5,5
YHOT,5
K73C,5
31TS,5
EGTD,5
72TA,5
6NY4,5
0OI9,5
EDRW,5
KTNT,5
LSZQ,5
MS50,5
EGDC,5
6MD2,5
TA61,5
PN37,5
SBBU,5
SADO,5
OH24,5
OH29,5
6CO1,5
LSZE,5
7OK4,5
NJ98,5
4WI1,5
MD12,5
KS72,5
XS49,5
K1B2,5
EDVR,5
7PA3,5
LFOQ,5
0VA4,5
22LL,5
YCHB,5
LFFP,5
KPMU,5
EPPL,5
16WA,5
EPTO,5
CT96,5
AL62,5
7IN3,5
YHAE,5
1MD1,5
ETOI,5
61TX,5
89WA,5
EDRS,5
KBEA,5
9NC2,5
08IS,5
KMJD,5
LFBU,5
IA28,5
3AK7,5
49NY,5
KC03,5
19LL,5
5PS5,5
NE94,5
ETWM,5
OI82,5
XA33,5
IL05,5
KNQI,5
PN33,5
NC10,5
EFPI,5
OK67,5
OK95,5
0GA6,5
LFIM,5
OH45,5
EDGH,5
MD01,5
61MU,5
3OH9,5
XA16,5
MU70,5
KSLE,5
LFQU,5
97ND,5
70OR,5
XS70,5
EDSA,5
VA62,5
OK30,5
MD03,5
TS96,5
2VA5,5
OI88,5
KCUL,5
AL60,5
28AZ,5
89GE,5
NK76,5
7GA9,5
EKRD,5
75AK,5
ID07,5
ETHM,5
CRS3,5
05PS,5
CA07,5
KVYS,5
MY78,5
II74,5
OG20,5
5AZ7,5
II87,5
5NK0,5
2NJ5,5
5TX9,5
9PA7,5
1FA1,5
CN15,5
8MD7,5
K7G0,5
OH32,5
TE09,5
JY24,5
MS48,5
MM69,5
4TX4,5
56WI,5
1OR4,5
NC72,5
3XA1,5
54GA,5
13NC,5
WMKP,5
WN28,5
CFT2,5
EDAB,5
41MO,5
CSF7,5
99AZ,5
7KS2,5
6IL6,5
2TE0,5
23FD,5
EYRU,5
EDPM,5
YHBK,5
6WI5,5
K8WC,5
LILM,5
38MO,5
65XS,5
3TA2,5
04NJ,5
MU18,5
VG34,5
EGSP,5
OH96,5
WA52,5
WS72,5
32MS,5
KPEZ,5
OMAR,5
WI72,5
WA18,5
LIDB,4
NV98,4
MS10,4
LFEQ,4
KCQB,4
LZSE,4
55LL,4
EDXT,4
KVLA,4
15IN,4
65NY,4
VG27,4
83TA,4
6MD4,4
LKSN,4
1MU2,4
IN68,4
1GE2,4
NE54,4
EG64,4
LIBV,4
OH21,4
VA79,4
YKEP,4
K8B5,4
17MU,4
9ND1,4
WA25,4
LFTH,4
ID24,4
29IN,4
36NC,4
LKSP,4
MI68,4
3XA0,4
CJX4,4
9NR8,4
LL39,4
LFPC,4
6XS2,4
LHKK,4
SBSC,4
KOWI,4
05TX,4
0ID7,4
LF50,4
KSBU,4
74CO,4
KBJJ,4
OH71,4
LPSC,4
0NY1,4
CPR5,4
K76G,4
EDQP,4
33VA,4
0AA7,4
2MS8,4
NK87,4
NY07,4
3AL8,4
EDBA,4
EBFN,4
2FA4,4
GA03,4
SSMK,4
NM67,4
59AS,4
6PA9,4
GA62,4
NH61,4
EDPC,4
EBKH,4
OH50,4
15IL,4
ESVA,4
MD75,4
7MO4,4
84XS,4
2XA4,4
YRKE,4
EBZH,4
VG39,4
EKGH,4
KH35,4
8LL7,4
LFPH,4
EDXD,4
EDTR,4
CO90,4
LFEN,4
AK44,4
OK31,4
EGUY,4
SN72,4
3TE0,4
OI39,4
KY37,4
82IN,4
WS20,4
LKRY,4
EDQE,4
77WI,4
09TA,4
OH88,4
YCLT,4
60TX,4
AL27,4
6MN7,4
5OI7,4
MS77,4
PN95,4
0LL1,4
NE88,4
PN69,4
EGCF,4
7AK5,4
YNGB,4
EDMG,4
IN91,4
MY11,4
0IA6,4
CPT3,4
MU09,4
1TE7,4
EDFP,4
KONY,4
MI44,4
CA03,4
LFPX,4
6OR1,4
3II5,4
67PN,4
GA95,4
30OR,4
IL45,4
LSGY,4
YMRE,4
SN43,4
KVOK,4
9CL7,4
7OR4,4
KB16,4
96MU,4
07AA,4
YRYK,4
2PN4,4
KHHG,4
48VA,4
KW35,4
LFDT,4
NK71,4
0WI2,4
KADM,4
EDMT,4
MD39,4
8KS7,4
K53A,4
80FD,4
EGSA,4
33NR,4
YMND,4
LFLA,4
CSK8,4
64IN,4
39PA,4
91WA,4
57ME,4
K14J,4
55OK,4
MI37,4
EDTP,4
PN57,4
TE38,4
KPLR,4
1TN3,4
7NY6,4
8ND4,4
2XS6,4
NY38,4
8WI5,4
CNV4,4
4PN0,4
CYDO,4
K18A,4
9GA6,4
3NJ1,4
35CO,4
EDXO,4
KBKS,4
LIPK,4
LLES,4
16TS,4
4TX2,4
73II,4
88NE,4
K1I7,4
ESVQ,4
CA51,4
KY55,4
KM22,4
25NK,4
OH66,4
EDFG,4
VA02,4
KZEF,4
RJTO,4
EBUL,4
75IS,4
K0B5,4
4MD0,4
LFNT,4
78NY,4
YOMO,4
KHMZ,4
LF52,4
5OI8,4
CRE3,4
VT12,4
EDBE,4
44TX,4
1NK8,4
YWJS,4
IL09,4
KRCR,4
K0K7,4
KC02,4
SDIH,4
OK93,4
59NY,4
PN11,4
EFLA,4
6VA9,4
K62D,4
YCOL,4
15IA,4
KOWX,4
5OK8,4
MA07,4
43OK,4
2IL0,4
24AR,4
EDAH,4
15AR,4
78TE,4
LSZT,4
EDCQ,4
OI99,4
2IL7,4
91OR,4
ETNN,4
CPK9,4
YQDI,4
2OH4,4
KGMJ,4
NZPH,4
FD44,4
IN21,4
75II,4
OK24,4
68AZ,4
EGMF,4
WI86,4
2XS5,4
8TA1,4
51GA,4
8GA9,4
SDUL,4
KMBT,4
GA81,4
OI49,4
57TE,4
LA79,4
AZ78,4
ID65,4
K82J,4
KU76,4
IN01,4
NE53,4
IN33,4
06NC,4
VIJP,4
EDHE,4
EDFD,4
EDOW,4
YNAR,4
LFKS,4
WIMM,4
OI66,4
K3G3,4
00IL,4
51TN,4
MO87,4
2IG4,4
KRWN,4
EGML,4
44CL,4
CNP8,4
KFCI,4
WIBD,4
LFKY,4
YLEG,4
KSTC,4
4PA0,4
GA87,4
98GA,4
2OH8,4
6CL4,4
ETSH,4
K2G9,4
SDJN,4
99TE,4
LKCS,4
K7F5,4
OH57,4
MI25,4
TE21,4
XA12,4
9GA9,4
7AL7,4
9TE6,4
2WN6,4
ETHA,4
3IN9,4
NJ47,4
EDAW,4
4PA3,4
PN99,4
LJMS,4
OK37,4
2TX7,4
CSG5,4
68FD,4
CAP9,4
8LL0,4
EDMU,4
CCN4,4
CNS6,4
9MN1,4
9NY4,4
3IL9,4
1FD0,4
KAXX,4
IL58,4
6NK8,4
14TX,4
75NC,4
YYRM,4
1GE3,4
EDEF,4
4AZ8,4
OI12,4
KLWA,4
MD95,4
7AL9,4
IS88,4
2OI4,4
LKKY,4
EDSO,4
AL33,4
1XS1,4
EBZU,4
MS37,4
CNF3,4
YBXH,4
1OR7,4
2TA6,4
EDLZ,4
NJ59,4
MD41,4
49CO,4
IA02,4
CPS2,4
EPGI,4
1AL8,4
4PS6,4
5IS7,4
6XS3,4
K0G3,4
LFLK,4
K44N,4
AK36,4
SUJL,4
KTNU,4
LFCC,4
11VG,4
6MO1,4
II08,4
77MO,4
7MN6,4
LL43,4
FAKR,4
MU24,4
51OI,4
K69K,4
4NJ0,4
18IN,4
LSZU,4
LIAQ,4
NM01,4
KJLN,4
KIDL,4
6OK1,4
GA68,4
ESUO,4
WS91,4
57PN,4
18NE,4
K3G1,4
2NJ6,4
LIAF,4
49IL,4
2WI4,4
YCXA,4
NZTU,4
3FL8,4
WT04,4
PS35,4
3MD0,4
PN84,4
KUOX,4
AR09,4
3TX1,4
2CO2,4
VG33,4
6MN8,4
YBRA,4
EGPK,4
KL04,4
ETSA,4
TN74,4
34IL,4
SNGA,4
4PA1,4
K42I,4
GA67,4
SDIU,4
99XS,4
03IL,4
0WN0,4
39II,4
88VA,4
KANK,4
LFKE,4
70VA,4
37PA,4
CA88,4
TA77,4
2TX1,4
PN35,4
7AK3,4
22TE,4
99IN,4
MT84,4
YCAL,4
EKSP,4
6II0,4
NA67,4
KVNW,4
LZTR,4
8WI2,4
7MO7,4
ESML,4
1MO3,4
IA83,4
IA48,4
ESMH,4
MN98,4
65PA,4
7WA4,4
61NJ,4
8NK4,4
KAGR,4
1PA0,4
17OI,4
EKHM,4
KTLH,4
ID48,4
NK04,4
KFTK,4
EDSL,4
65OH,4
CN24,4
TA80,4
EYVP,4
TE10,4
BIMS,4
LFMD,4
6WI1,4
KF22,4
08MA,4
49FD,4
NH96,4
KBVN,4
69VA,4
DAOI,4
2VA6,4
ESKG,4
YATN,4
08NC,4
XS34,4
ESQO,4
41IS,4
EBBZ,4
88VT,4
KJWG,4
LIMZ,4
TX98,4
6IL0,4
WI07,4
NV11,4
5LL7,4
MGGT,4
II94,4
OA23,4
EDWP,4
II76,4
LL34,4
07MI,4
67IL,4
3OH4,4
7IS7,3
5MA9,3
LFIS,3
10IA,3
49IN,3
XS88,3
98OH,3
90IA,3
3II2,3
VA17,3
46NY,3
IS85,3
EDNO,3
25SC,3
MO27,3
EDRD,3
CYPW,3
PS06,3
NX01,3
LPSR,3
0NK1,3
LFQC,3
8GA6,3
77NC,3
00PN,3
EDXE,3
89WI,3
EGUL,3
34PN,3
6OI5,3
4AL8,3
NK82,3
II04,3
PS38,3
7NY0,3
OA04,3
3OL8,3
4VA4,3
OH59,3
KSBN,3
AK84,3
SWJX,3
48NC,3
OK55,3
CO42,3
YBBA,3
00FA,3
MS38,3
EDMW,3
XS31,3
8MO8,3
II15,3
15ID,3
MD47,3
1NY9,3
6II6,3
TX04,3
LZZI,3
53TS,3
TVSU,3
YLET,3
6OH7,3
YMEO,3
CFX6,3
71OK,3
0MS8,3
LTAB,3
FAMY,3
OI72,3
KSFB,3
MS40,3
KSUD,3
65WN,3
76NC,3
65TA,3
AL84,3
KGWO,3
OE53,3
IN99,3
LFRQ,3
EERI,3
LKKA,3
LFBN,3
1OK8,3
1II2,3
PASX,3
CSZ3,3
EKHG,3
9PS8,3
OK18,3
KEZZ,3
6OK2,3
EDQW,3
LIRH,3
32CL,3
CD39,3
AR01,3
CA13,3
5TX4,3
1LL2,3
EDUZ,3
2PN0,3
EDTU,3
LL55,3
K5M5,3
EGXY,3
VA08,3
4II9,3
OH13,3
39OH,3
K6A1,3
K5W5,3
50IL,3
38PA,3
IL13,3
EPEL,3
MS25,3
MY35,3
4CO7,3
68NY,3
OH38,3
NK12,3
8OK0,3
LFPZ,3
MA80,3
FA24,3
2IN2,3
EKCR,3
KE51,3
KSBY,3
LIEO,3
NE80,3
NZAG,3
9OA8,3
7NY8,3
37XS,3
MMMA,3
EDAD,3
ND99,3
KBXA,3
SNUH,3
KULM,3
OI73,3
LKKO,3
ENRY,3
0IN9,3
6KY3,3
TA27,3
0NK9,3
SC08,3
K3Y2,3
YCFN,3
1IL6,3
DE27,3
GA18,3
ID22,3
8TS6,3
EDGA,3
KEHO,3
KCFD,3
MD61,3
CNR6,3
MO81,3
LKTC,3
K23R,3
37LL,3
74IN,3
3VG3,3
EDCB,3
KWRB,3
TE06,3
44MU,3
OI91,3
KFXY,3
IL07,3
VTBT,3
2OI2,3
5OI5,3
RKRS,3
20OK,3
0NK6,3
9VG9,3
05II,3
9II4,3
6II8,3
WBGJ,3
II25,3
1TX9,3
51FD,3
IS60,3
MS21,3
EGVA,3
XS99,3
VEBA,3
OK85,3
EDGP,3
LFFI,3
14OI,3
LGPL,3
2MO2,3
LOGG,3
LFDC,3
LSZW,3
DAON,3
KASD,3
CEN4,3
3IN4,3
NY63,3
LKHD,3
EDOJ,3
KAFJ,3
29VA,3
ESME,3
0FD5,3
4OA8,3
LL38,3
0IN5,3
IS15,3
4NC8,3
MRER,3
EDPW,3
22OI,3
CA41,3
0IN2,3
0FD9,3
EEHA,3
OK79,3
K5S9,3
2OH6,3
TA66,3
30WI,3
31LL,3
SSWH,3
LL81,3
91TA,3
EGBR,3
MD14,3
0WI6,3
ND24,3
2OK6,3
PN00,3
6NJ1,3
33FL,3
NM89,3
YCRL,3
5PA8,3
59FD,3
EDMC,3
4VA1,3
LLHZ,3
LOXT,3
LZDV,3
LFIB,3
KPPO,3
7KS0,3
9VA1,3
MD88,3
EGHE,3
EPZG,3
EGXP,3
KM36,3
CD15,3
K0M0,3
1IN4,3
EDHS,3
6AK5,3
XS07,3
EDRN,3
EDKV,3
KFFX,3
37OI,3
CPM7,3
02OH,3
CA49,3
EDCK,3
CPF6,3
NA17,3
EKST,3
69IL,3
AR18,3
EGNI,3
47NC,3
7WA5,3
SDTE,3
63IL,3
LSPD,3
79TE,3
89MO,3
YWVL,3
LHSY,3
NH38,3
EDHG,3
EDKO,3
1TS0,3
KPRO,3
9CO8,3
NK27,3
K3M3,3
EDUS,3
28TE,3
38NY,3
EHLW,3
00GA,3
LL13,3
EDKL,3
SADS,3
0KS0,3
57TX,3
RJTJ,3
MT03,3
EDRL,3
42OH,3
63OH,3
SDAE,3
24MN,3
K2C8,3
49TA,3
SDAF,3
EDBL,3
93LL,3
LA26,3
YNHS,3
LRCL,3
MD93,3
EDAN,3
LFKC,3
MU42,3
KS48,3
OI85,3
OI11,3
1OH4,3
6CO3,3
EDBY,3
TA75,3
CAT1,3
58OH,3
25FL,3
VG58,3
CEH2,3
XS66,3
4VA9,3
VT44,3
LEHC,3
EGTP,3
CPN5,3
3NK4,3
EDAR,3
LFEZ,3
EKFU,3
1OR6,3
94NC,3
UHBB,3
6PA0,3
3AK1,3
LKCM,3
VG64,3
11TE,3
KMIW,3
MMIM,3
02MI,3
WI56,3
40PN,3
64OH,3
3TX5,3
39WA,3
67WI,3
3GA9,3
95NY,3
MI02,3
OR66,3
EPMX,3
7MI2,3
AZ71,3
OMAZ,3
19NK,3
LL26,3
LECF,3
56FL,3
KF47,3
6IS0,3
19OR,3
66CL,3
EKVJ,3
EDWU,3
IA93,3
92CO,3
EGDN,3
91KS,3
36OH,3
RJFZ,3
K1K2,3
6TX2,3
LOLO,3
34CD,3
KAMN,3
TE16,3
EDCH,3
SDDL,3
8MD4,3
53IA,3
KFQD,3
TS76,3
NZAN,3
34TE,3
EIKH,3
LEVT,3
8MO7,3
30LL,3
NY55,3
6VA2,3
14XA,3
7NJ7,3
7IL8,3
PN73,3
EDGX,3
IS86,3
KMHK,3
TN71,3
19OH,3
2AR5,3
2LL1,3
3WN7,3
07FA,3
SIMK,3
KT85,3
OE47,3
EIGN,3
4II2,3
1NC4,3
MA89,3
EDNI,3
KJKA,3
IN10,3
54TE,3
EICN,3
OI89,3
VO80,3
LFIR,3
LFAY,3
MS13,3
EDNU,3
23DE,3
SDED,3
SNRU,3
K2M2,3
KI63,3
MI95,3
23NE,3
KGNF,3
4OH3,3
9MO3,3
06OI,3
64CN,3
3NC9,3
LFDQ,3
CPS4,3
CKZ7,3
8WI8,3
28WA,3
MD20,3
K3J7,3
KOEA,3
LOAD,3
EGXH,3
CD45,3
TE36,3
LFKL,3
MA75,3
KMDZ,3
7MI5,3
EFUT,3
II29,3
IS52,3
71IN,3
IS59,3
IS40,3
IL24,3
47OH,3
LJAJ,3
MY46,3
VA12,3
7OR9,3
EDAE,3
4MD4,3
NY29,3
TA93,3
34IS,3
1KS1,3
98OR,3
YTGA,3
09MA,3
TX48,3
LGNX,3
72LL,3
CA05,3
TA47,3
EEJI,3
85NC,3
VA32,3
MS20,3
82LL,3
1IL1,3
EDKH,3
MD59,3
LERE,3
4IS1,3
55OI,3
EDND,3
ETNJ,3
SJEH,3
37MO,3
LFCW,3
EGKC,3
CNJ4,3
K4A6,3
LLTN,3
2NC6,3
3MD6,3
AZ31,3
EFMN,3
PA61,3
40AR,3
EDCF,3
24CT,3
VTBL,3
EGFP,3
21IN,3
LPJF,3
21OG,3
VOTX,3
0AZ1,3
PA74,3
5TN4,3
VTBK,3
9IN4,3
2PS3,3
VTBI,3
EDVI,3
KN68,3
48CO,3
KH88,3
5FD3,3
LZNZ,3
EFML,3
MDBE,3
81WI,3
8IL1,3
LKZM,3
K0B8,3
59AK,3
EGYO,3
XS24,3
59PN,3
6NC5,3
7TE9,3
NZWT,3
IN81,3
38CA,3
EG03,3
8TE1,3
39IL,3
WA08,3
83FD,3
EGND,3
WA45,3
4TS5,3
KOCW,3
UMMB,3
WI89,3
KMAL,3
20AK,3
EBDT,3
56IS,3
0TA8,3
LL24,3
NH67,3
PN64,3
WI50,3
NJ24,3
EDWS,3
79OI,3
CNJ3,3
LKPN,3
3PA8,3
EPNT,3
6GE2,3
LFDF,3
WS51,3
12OH,3
LJVE,3
MI22,3
5IS3,3
3PA6,3
ME89,3
89IS,3
63OR,3
GA93,3
EDRH,3
EGHU,3
XS20,3
06CO,3
2TS2,3
KL31,3
OR23,3
EIMN,3
8TN5,3
IN80,3
K7M1,3
NZVL,3
28NY,3
2OK0,3
IN14,3
CO56,3
6IN8,3
IS77,3
5II2,3
51OH,3
MD45,3
74NY,3
EDKU,3
KCZG,3
0CL0,3
1WI9,3
LFMH,3
CT59,3
4FL1,3
SDOI,3
06TN,3
0NC7,3
0ID5,3
11TS,3
OH11,3
MY15,3
ETOR,3
KR47,3
YGLG,3
KA50,3
7MD0,3
LL64,3
31XS,3
K2O1,3
53XS,3
KJXI,3
OI68,3
YGAY,3
XA51,2
IL02,2
36CN,2
LFDI,2
EDGZ,2
SSEW,2
KMVN,2
OPRN,2
1NK7,2
KC22,2
EDTW,2
K7A4,2
EGSQ,2
3VA2,2
ID61,2
CEX9,2
JY07,2
82OH,2
LILQ,2
28NR,2
CPL3,2
LFFY,2
2WV5,2
MU41,2
78KS,2
5FD1,2
98LL,2
3AK2,2
OG52,2
5FL8,2
IS43,2
WS25,2
CRJ2,2
6CO6,2
EBGG,2
KNFD,2
GA98,2
53OH,2
SWRM,2
NY73,2
FAWC,2
YCNR,2
3KY4,2
LOGP,2
LFGK,2
75DC,2
32PA,2
CDF5,2
LFEF,2
SSCO,2
5TX6,2
EDLX,2
63AK,2
MY90,2
EDCY,2
WI1B,2
54NY,2
2MD3,2
39PN,2
K19M,2
2TE5,2
LKBU,2
EBTY,2
4XS9,2
LFBM,2
LDRG,2
LL40,2
XA00,2
TS67,2
6IL3,2
3WI4,2
PN49,2
SNLO,2
CT13,2
IN30,2
LFNU,2
SDBY,2
7IS3,2
SBAE,2
9PA0,2
KM73,2
EKVH,2
KLLQ,2
KPVJ,2
CKF8,2
KSGT,2
LFFB,2
VA68,2
EFLL,2
LCRA,2
EDTC,2
3NR3,2
5MS3,2
6LL0,2
12TX,2
RCAY,2
II59,2
MY28,2
EFHV,2
KAIO,2
93MS,2
AK12,2
24OI,2
CPG5,2
KW99,2
71PN,2
7WI5,2
IS26,2
LS92,2
OH17,2
4OR6,2
LPTN,2
TE47,2
KS83,2
WI46,2
63GA,2
LKSO,2
TX74,2
90PN,2
GA74,2
2WN2,2
WN03,2
WI20,2
0II9,2
XLLL,2
2GA1,2
KFNB,2
EDFN,2
LKUO,2
GA92,2
YFIL,2
WICB,2
EGVP,2
EISG,2
EKHV,2
K5R4,2
00AS,2
LIDC,2
CTR6,2
75NE,2
7OI7,2
27PN,2
78OH,2
II33,2
II69,2
LJBO,2
GA83,2
0CA6,2
ESSK,2
II30,2
70KY,2
MO86,2
CLB2,2
LEAM,2
CGL2,2
IL97,2
II37,2
3NY5,2
EDLO,2
LKCV,2
TX62,2
5CL0,2
NY70,2
KIFP,2
29MD,2
TX22,2
20TA,2
9XS2,2
MN74,2
CJD3,2
44MI,2
XS46,2
SSTN,2
XA84,2
9AA1,2
EDGE,2
0AK9,2
NZRC,2
LHFP,2
72XS,2
2WI2,2
32CA,2
30PA,2
KF30,2
7OH5,2
AK47,2
1OK3,2
LFGC,2
SNDV,2
CO09,2
SSEF,2
33OH,2
SDIB,2
EGBL,2
SN93,2
MD23,2
02FL,2
WV06,2
3ID7,2
39IS,2
1II3,2
SVCB,2
69OK,2
LIRS,2
15NC,2
8TE8,2
9XA4,2
IN00,2
79TS,2
YGGO,2
KMEB,2
88AK,2
OR85,2
VA73,2
1KS2,2
LKRO,2
4MD7,2
OG28,2
3LL5,2
MS15,2
CFY4,2
CPM5,2
2TA9,2
LFMU,2
WA59,2
MS74,2
LFIG,2
K17G,2
90IL,2
CD01,2
UMOO,2
LFAK,2
56IL,2
CNT6,2
2NY7,2
YBID,2
9XS7,2
7TS4,2
CES5,2
02ME,2
VA44,2
08CO,2
85PA,2
K3I2,2
90VA,2
LFIF,2
KI71,2
93PA,2
KOIC,2
0OI4,2
VA95,2
27OK,2
CYQW,2
5MI3,2
KW78,2
EIPT,2
K2G1,2
LL07,2
33OI,2
IS08,2
PN12,2
LFCY,2
70OK,2
5LL3,2
KAEJ,2
AK92,2
LKRK,2
LGPA,2
51IS,2
IL59,2
EPKA,2
23CO,2
KCAV,2
TX51,2
PA70,2
K04G,2
EDNK,2
EDRX,2
SDMJ,2
YPRE,2
YWGT,2
47IL,2
NE43,2
IN57,2
KBHM,2
4MD3,2
07MD,2
LD57,2
2KS0,2
IS71,2
ETNS,2
EDPS,2
WI03,2
KEZI,2
8NY3,2
25MD,2
RK52,2
K9F0,2
RPLB,2
LFCP,2
0CD5,2
LFHM,2
30NY,2
CD03,2
TA08,2
NJ60,2
43PA,2
SJUL,2
K08K,2
KPNT,2
77AK,2
ESMI,2
NJ63,2
36OI,2
TS27,2
LZJS,2
1OA5,2
7MI8,2
CPD2,2
5WI9,2
15MA,2
EGVO,2
1II5,2
EGCT,2
KPMH,2
62MI,2
YILA,2
33GA,2
EDXZ,2
72KS,2
VA46,2
5OH0,2
VA58,2
3PN0,2
20TS,2
CCI9,2
AK73,2
EPRP,2
PA01,2
NC35,2
09OK,2
2II0,2
64AK,2
VT30,2
02WI,2
0OR5,2
NY27,2
NY60,2
KNDY,2
38CL,2
KT30,2
LHSB,2
MN62,2
EBMG,2
CPA4,2
SC26,2
33MO,2
YADI,2
8TX6,2
YGRD,2
4MD9,2
GMFO,2
YTLG,2
95IN,2
29II,2
K1G1,2
KBAF,2
45MO,2
MDSI,2
YBUD,2
87XS,2
MI72,2
LOKF,2
MY37,2
MU97,2
YBCH,2
KS03,2
CDJ5,2
EDPU,2
OK80,2
SDSM,2
36OK,2
CFX2,2
KAQW,2
29OH,2
IL94,2
30AK,2
65IS,2
67AR,2
TX41,2
KD02,2
48WA,2
KPOH,2
1OH2,2
6TE1,2
74TE,2
5IN3,2
CA97,2
CYPT,2
95OH,2
KMGC,2
DE33,2
II42,2
OI25,2
EDOX,2
ULKK,2
4NK4,2
MI39,2
OL99,2
EDNT,2
KLPC,2
EDFS,2
2VG3,2
LFNG,2
90TE,2
OPBW,2
EGQS,2
08NE,2
81GA,2
EKSN,2
NY17,2
MS33,2
VT09,2
MO61,2
KBCK,2
DE34,2
EDHP,2
KBKN,2
WI97,2
2IL6,2
IN43,2
LFCH,2
28OR,2
PA85,2
1TS1,2
3TX7,2
95CO,2
EDPI,2
SIFQ,2
EFHL,2
LFFG,2
MU00,2
LFLZ,2
KKIC,2
17NK,2
OH74,2
4MD1,2
LKUL,2
58IL,2
2MI0,2
88TE,2
KRCZ,2
8IS2,2
EDBS,2
LDZD,2
KLGC,2
KMXO,2
KFKA,2
0LL3,2
II75,2
PS12,2
NC32,2
0NK2,2
SSMX,2
NY85,2
4GE2,2
OH91,2
2NK3,2
EHDL,2
GA75,2
IL64,2
KTSP,2
86WI,2
EDUW,2
49FL,2
9CL4,2
RCFN,2
KTEW,2
92FL,2
TA78,2
5MS1,2
EGDO,2
OK20,2
NY42,2
EBZR,2
OK22,2
XA78,2
KI95,2
XA42,2
OK15,2
XA34,2
K8N2,2
59AZ,2
3IL1,2
PS69,2
3FD4,2
NJ30,2
4LL9,2
TA83,2
VA97,2
TE17,2
87OH,2
KK62,2
89TS,2
LFOR,2
0IA8,2
56OK,2
MS93,2
IL31,2
3NK6,2
MU98,2
EPJG,2
KT92,2
97MT,2
05OI,2
9OH9,2
EGSM,2
KF10,2
SDJV,2
64MO,2
SJTQ,2
ETHE,2
CSV8,2
91IN,2
6NK2,2
EKFS,2
CO93,2
XA48,2
EDOZ,2
LFCD,2
KPNC,2
70FA,2
79IS,2
EYPA,2
22GA,2
28OH,2
8KS1,2
99XA,2
KSNL,2
SDMV,2
NY19,2
KCHU,2
EFHN,2
EDHD,2
VA86,2
CSD3,2
EDGJ,2
12II,2
LIPS,2
KFSI,2
MY80,2
MI01,2
VG31,2
4TA0,2
4OR0,2
IG05,2
0XA8,2
1XA6,2
NY31,2
30MI,2
KD74,2
13IN,2
EBSP,2
K26A,2
NR04,2
59NE,2
KW96,2
LZPW,2
08VA,2
92MI,2
7II3,2
4LL0,2
64CT,2
LHBS,2
2TN8,2
EG32,2
AR89,2
26IS,2
32MO,2
TS55,2
II39,2
9MI5,2
RJAK,2
MU63,2
SSOL,2
NK09,2
6OK9,2
LOLE,2
K7A8,2
EGLP,2
69FD,2
LIDR,2
XA43,2
CNV8,2
6NC4,2
TX96,2
K41N,2
5NC1,2
CEN3,2
UUMI,2
05IL,2
EPTM,2
91VA,2
OR02,2
XA64,2
0MD2,2
EDGR,2
LFGY,2
NE56,2
EDUA,2
YYAK,2
KMKT,2
YGFN,2
20IS,2
68TS,2
KHLG,2
KILE,2
0IN1,2
AA06,2
0II5,2
09WI,2
AK10,2
9IN6,2
EBML,2
38ID,2
EDAT,2
GVBA,2
0IL3,2
LETF,2
7CL0,2
NY72,2
63XS,2
EGUD,2
MD83,2
95MO,2
K4G6,2
54TA,2
1IL8,2
50NC,2
LIQB,2
0PS0,2
LTBP,2
SBRP,2
23TA,2
5II8,2
GCFV,2
TX97,2
EICL,2
EGDD,2
32CO,2
WN23,2
LFCA,2
62IS,2
EIIR,2
KX13,2
EKLS,2
05AK,2
IL34,2
EBHN,2
LKPK,2
LKVL,2
PN68,2
85IL,2
49TE,2
GCHI,2
8VA2,2
6TX8,2
PS73,2
NC44,2
5WI2,2
TS36,2
2GE5,2
EPKR,2
EENI,2
VAOZ,2
66II,2
KO65,2
OR61,2
78XS,2
FASY,2
0PS7,2
81IL,2
EDNJ,2
6IS8,2
EHAL,2
EGYE,2
SDBK,2
9CO6,2
8IL0,2
6OH3,2
22CL,2
LFQE,2
03PR,2
6TS8,2
CPC3,2
AK86,2
CO25,2
LIPG,2
YGDO,2
RJBH,2
LFAR,2
KNFE,2
CA44,2
MO02,2
EBIS,2
7MO6,2
WV67,2
LL54,2
PA40,2
UKKM,2
EDLC,2
3OA8,2
25OH,2
K7B2,2
70OH,2
K8A6,2
0KS2,2
2TS0,2
MU02,2
YWOM,2
9TX1,2
YCDS,2
06OH,2
MO88,2
LFPU,2
85IN,2
LLBO,2
NC26,2
LFQY,2
0AR7,2
LIDL,2
YNBR,2
EKHE,2
KK06,2
55GE,2
LFPF,2
PN53,2
II93,2
EPNM,2
LKKV,2
09II,2
5ND3,2
1CA1,2
EFAH,2
63NC,2
88CO,2
58IN,2
4II4,2
ZYHE,2
56MO,2
CA38,2
K71J,2
1PA3,2
3PN6,2
EDNQ,2
FASD,2
34AK,2
NE39,2
YPAC,2
62IL,2
CO19,2
90CA,2
69TS,2
7VG0,2
ENHN,2
NM61,2
2XS1,2
5WI8,2
88GA,2
TX72,2
II12,2
YBAO,2
MY47,2
LFMG,2
NY67,2
9TA3,2
SIIA,2
07VA,2
KFRI,2
NY15,2
K6K4,2
TX39,2
ESSC,2
64IL,2
VG05,2
OK28,2
EGUW,2
XS06,2
20VG,2
GA73,2
CO92,2
K2MO,2
5VG2,2
TA26,2
MT18,2
2OH2,2
18TX,2
LHHO,2
EDOH,2
68KS,2
1AK4,2
CO52,2
8OA9,2
KPHK,2
7LL8,2
8CO9,2
CO61,2
3GE9,2
K5A1,2
1MS0,2
PR20,2
31TX,2
0TS4,2
39AK,2
LGRS,2
EKBH,2
1PN0,2
PA72,2
IN56,2
NY89,2
KK83,2
EDCV,2
VT55,2
AZ74,2
LKMH,2
YTMS,2
LIDW,2
EDVT,2
EKGO,2
20OR,2
CD23,2
21AR,2
3NY9,2
CD13,2
KDHN,2
8WI0,2
3IL7,2
2TX8,2
1MU4,2
MD56,2
YCRG,2
60MI,2
FL77,2
6NC8,2
ENSO,2
12IN,2
93MT,2
VA27,2
CPB9,2
EPKS,2
YWMC,2
WI16,2
KMFD,2
EDLK,2
KW22,2
COR8,2
3FD6,2
LFNH,2
06IL,2
83IN,2
CNS4,2
EDCJ,2
4IA9,2
MD91,2
GA10,2
MY92,2
XS72,2
87TA,2
7OH7,2
13PA,2
1LL0,2
3TX4,2
12CL,2
LL49,2
17OK,2
KGKT,2
SUMO,2
66NY,2
1TN6,2
TA46,2
6PN9,2
IS54,2
NK74,2
KCNH,2
PN71,2
K68S,2
0OK3,2
6MD3,1
LFGE,1
K96D,1
KH17,1
MN63,1
25OI,1
LPMT,1
3TA5,1
LHUH,1
VG30,1
NY13,1
TE84,1
11LL,1
CNY4,1
GA99,1
LFJE,1
6NK1,1
EFNU,1
65CN,1
VIAM,1
0PA2,1
VTPI,1
EDFK,1
PS64,1
02KS,1
EDBC,1
MD69,1
KRKR,1
K3TR,1
WI70,1
MD42,1
24IN,1
EGYM,1
KCDI,1
EDKW,1
27WI,1
KX58,1
NC45,1
LKPL,1
KGGI,1
IS65,1
ESST,1
LS86,1
FACR,1
12KY,1
II90,1
1AR2,1
WS22,1
7AK4,1
33IL,1
IL95,1
06PA,1
KLBX,1
25MO,1
EPGL,1
LFNY,1
SDOX,1
NK01,1
4PA6,1
LKHB,1
FD22,1
6OH4,1
35NY,1
EVEA,1
VIPT,1
SWBE,1
LFOC,1
EKSL,1
5GA2,1
NH69,1
KH96,1
XS60,1
CNU8,1
GA80,1
14PA,1
XA98,1
7PA1,1
OH26,1
AL40,1
3NC3,1
ETHF,1
00IS,1
LFID,1
VA99,1
OH67,1
KRPH,1
LFJD,1
PN18,1
01TE,1
LFQL,1
LKKT,1
KSLO,1
EFNS,1
2WN3,1
II65,1
PS08,1
66CA,1
1II8,1
4MO5,1
1AR1,1
LOGK,1
7FL3,1
AZ60,1
KUKL,1
7TE2,1
VOMD,1
CPE4,1
EFHM,1
WMBF,1
5TA8,1
CD48,1
AK67,1
PA51,1
PA18,1
68IN,1
CL01,1
K3M9,1
K3G6,1
3GA3,1
TN83,1
42XS,1
LKVM,1
EDAX,1
62TX,1
98TS,1
SJJR,1
71AK,1
SNKF,1
VA72,1
MS30,1
KI10,1
PS67,1
LDVC,1
9NC7,1
4IN7,1
VT14,1
06NH,1
FALW,1
COL2,1
87IS,1
IA85,1
01PS,1
1WI8,1
EDVH,1
MD05,1
PS27,1
KMEY,1
8PA4,1
K8G2,1
34PA,1
0TN6,1
EDPE,1
PN08,1
50TX,1
WV19,1
LZMA,1
OI59,1
24WI,1
6LL4,1
56NC,1
SJHO,1
IN11,1
WIBT,1
49WA,1
EKMN,1
SDJA,1
36WI,1
IS01,1
40TA,1
LFRK,1
SN75,1
SNLN,1
KMTV,1
36TX,1
SDST,1
NZGA,1
SDQX,1
02MS,1
0MI1,1
55IL,1
AK65,1
IA33,1
4OI8,1
WS09,1
MO07,1
4NK6,1
7NJ2,1
IL32,1
NJ65,1
EPGY,1
EDXP,1
5WN2,1
YNRM,1
LKMR,1
DAOL,1
0TS8,1
86IS,1
KRQB,1
49KS,1
KHLX,1
87MO,1
6MO0,1
SWLA,1
KTSO,1
TX52,1
6NK4,1
77CL,1
3TX3,1
4MO7,1
PA36,1
UT10,1
97CA,1
KTRM,1
TS29,1
17XA,1
4FL6,1
KL84,1
06NY,1
49PA,1
YRUG,1
UKVN,1
1LL6,1
SSEE,1
IA23,1
LFPD,1
EDNB,1
1NK6,1
SSGI,1
LOGM,1
12IL,1
5TS8,1
GMMB,1
KMPV,1
WS15,1
70NC,1
LA13,1
DE29,1
4GA1,1
4AL6,1
6LL8,1
2MD6,1
62IA,1
LJDI,1
YKCK,1
KT23,1
2NK1,1
K2RR,1
SJPH,1
2LL4,1
SNGN,1
4XA4,1
KHCO,1
90IN,1
OH43,1
65TE,1
OA14,1
23AK,1
WS46,1
1LL8,1
72FL,1
1AR5,1
6MO7,1
ESMF,1
LFAF,1
EDHB,1
52AZ,1
LKSB,1
EDGI,1
SDFL,1
SNCA,1
9IN7,1
4PA7,1
70MD,1
KT42,1
28FL,1
OH39,1
IN44,1
KCLK,1
4PS7,1
LA07,1
7CO8,1
LKZN,1
SJQE,1
KCOT,1
48TS,1
MS54,1
OETN,1
3WI3,1
LA87,1
54IS,1
CO49,1
NE24,1
LFEA,1
SDNO,1
NE57,1
08TE,1
YYAS,1
KCRT,1
EDQI,1
TE90,1
CES2,1
9WN3,1
YRBB,1
CPR3,1
2IN6,1
7ND8,1
3TX8,1
35NC,1
LFMP,1
LGSO,1
2NY9,1
SBPK,1
55WI,1
13WI,1
PA07,1
17OH,1
VA98,1
WS05,1
SJFQ,1
TE70,1
NE38,1
2AZ5,1
VIAR,1
OI60,1
MS35,1
EVTA,1
EHTL,1
6PN5,1
73NE,1
81AK,1
3MO7,1
MN55,1
9CA0,1
JY08,1
YCDB,1
9IS2,1
87OI,1
0CA9,1
K0V4,1
EGCA,1
PA45,1
SIVJ,1
28LL,1
62CO,1
RPLX,1
4OK6,1
EDKP,1
85OL,1
RJDB,1
1NA0,1
CKU7,1
6FD6,1
ETSF,1
KRCM,1
EDFT,1
EDPH,1
KWJF,1
OIBV,1
YTGV,1
YPWR,1
LDVD,1
03ND,1
KEKX,1
EDVC,1
NC12,1
UUBA,1
LDVA,1
36AL,1
5OH4,1
CKR9,1
9OA7,1
MI86,1
SILG,1
EGAB,1
50NM,1
OL09,1
2LL5,1
2II3,1
9MS9,1
52CO,1
56TX,1
0MO2,1
KAID,1
CSF4,1
SSUL,1
27NK,1
44IN,1
KAST,1
IL11,1
PN02,1
EGSN,1
SDYB,1
YCWO,1
SDBN,1
MI78,1
PS05,1
2WI8,1
48II,1
OH03,1
4PS3,1
EPPC,1
KI18,1
4AR7,1
3PN1,1
CNM2,1
OH15,1
42CN,1
3IN8,1
79MU,1
1TE9,1
MS88,1
OH22,1
KCHK,1
LL88,1
2IN4,1
EDWH,1
WN09,1
K1M2,1
8TA5,1
NY58,1
LFNX,1
LFAM,1
WA62,1
LZSY,1
LEMS,1
OMAH,1
LKCE,1
13AK,1
FL95,1
LFIK,1
09IA,1
6AK9,1
KHTL,1
52PA,1
21VA,1
EDOS,1
32WN,1
VTBU,1
LL80,1
VCCC,1
CCC2,1
LFFE,1
2AL5,1
LFSM,1
LFBS,1
SDTN,1
02MO,1
OR50,1
YHCT,1
85OH,1
EDSK,1
CKC8,1
NC29,1
0MT9,1
CNL3,1
EFWB,1
9NE2,1
6PA7,1
LFHI,1
SC78,1
EDQZ,1
KS75,1
OH65,1
9ND8,1
YSGR,1
EDBT,1
CKZ6,1
KIIY,1
KMIO,1
SDSH,1
85NY,1
PN15,1
KADH,1
LL79,1
SWFR,1
YLCS,1
LKMI,1
LDPN,1
CT07,1
4PS5,1
8OI0,1
MI23,1
PR10,1
PS47,1
EDRM,1
LERM,1
6AK8,1
MO26,1
4IS8,1
VOAR,1
07PN,1
MO32,1
5LL8,1
93MO,1
ESKD,1
IN88,1
86LA,1
LKZB,1
00VI,1
8NE9,1
XA02,1
0ID3,1
SIXE,1
YUPH,1
EDCR,1
KBAX,1
K17J,1
1MU8,1
56AK,1
WI47,1
EDOU,1
LHSS,1
GA29,1
SDEJ,1
LFRH,1
95LL,1
ND92,1
7CO3,1
73IN,1
3VG2,1
WMKI,1
PA23,1
06XS,1
FA80,1
02VA,1
CPG4,1
NH86,1
0VI1,1
FANS,1
LFOL,1
CLW3,1
NZMO,1
KGFK,1
LGTL,1
MD19,1
8NC7,1
ESGP,1
XA32,1
LKSA,1
64TE,1
7OI1,1
36CO,1
SDSQ,1
SDIP,1
EPWK,1
8NC2,1
EDBI,1
KHPT,1
8WA0,1
46VA,1
CPH9,1
SBBQ,1
TA07,1
EIHH,1
17PS,1
38PN,1
EDPY,1
RPUJ,1
CNT7,1
YBIN,1
19IS,1
EHOW,1
LFTF,1
34OH,1
LTBV,1
CVL3,1
4IN5,1
K6I2,1
99IL,1
TX94,1
NK25,1
CNN3,1
TJPS,1
2FD8,1
LKPO,1
4WI4,1
80NE,1
SSNU,1
LSTO,1
CSJ5,1
78NE,1
KHTW,1
XS58,1
LSPU,1
WS31,1
PN83,1
ENNO,1
5IN6,1
66KS,1
36NE,1
6TX3,1
KDNS,1
22II,1
3FL1,1
KELK,1
MS85,1
EPIW,1
TS74,1
IL91,1
EITM,1
CKG5,1
LFHH,1
EDBQ,1
WS28,1
K0F7,1
OH90,1
IN72,1
IN04,1
IN15,1
NY79,1
LZPT,1
AL97,1
91WI,1
TGPZ,1
SDCR,1
K07F,1
EDXL,1
8NC4,1
EGSI,1
VG28,1
TX43,1
1IN6,1
NY33,1
24IA,1
EDCP,1
4FA3,1
KS24,1
2MD5,1
ESFA,1
0KS4,1
99MI,1
LPIN,1
6WI7,1
LHCL,1
LPOT,1
2KS1,1
SAVO,1
YARL,1
AL37,1
CA70,1
CDD3,1
9II2,1
84TE,1
UWKS,1
29MI,1
CGV3,1
WI99,1
VA65,1
NC93,1
TS63,1
CRA2,1
SSCN,1
YJCO,1
WBGW,1
15PA,1
LKPI,1
2OH7,1
SNMX,1
EKTS,1
KCSM,1
WV64,1
OIBL,1
WI91,1
64KY,1
0WI8,1
7NY4,1
LL27,1
0WN5,1
MDCY,1
KL22,1
3GA6,1
II17,1
SSNH,1
0XS9,1
OK71,1
LDRI,1
KF36,1
KL17,1
LL94,1
7MO2,1
54OH,1
1NY3,1
AK88,1
MN85,1
LL65,1
LKPA,1
EFGE,1
LELC,1
KS87,1
IS78,1
OR35,1
CDH6,1
5PA9,1
0PN2,1
LFTQ,1
EDCW,1
LFAW,1
CYSH,1
NZVR,1
PA71,1
SBEC,1
EDQX,1
0FD3,1
LFFW,1
KW91,1
KPIL,1
EDWZ,1
FD74,1
MS49,1
5TA3,1
LJPT,1
9TX2,1
41AK,1
EHWO,1
4CO8,1
OH48,1
LFNJ,1
KD11,1
UD21,1
TS35,1
LIMR,1
23MN,1
NZAP,1
94IS,1
SPSN,1
KVJI,1
1OI7,1
KFOA,1
CEF2,1
EICA,1
SDGP,1
9WI2,1
LDZJ,1
LKHS,1
IA70,1
SBJR,1
IN18,1
NY77,1
LIAP,1
3CO4,1
SDCT,1
57NC,1
OG63,1
53II,1
18TE,1
CO86,1
61PN,1
9OH7,1
ESSG,1
3PN7,1
PR25,1
ND74,1
LFKG,1
IA08,1
SIPA,1
KO24,1
91NY,1
22NE,1
IL81,1
SWFK,1
EBSL,1
K67R,1
84PN,1
KMYZ,1
FL74,1
4AK2,1
6PA8,1
61IS,1
YWBH,1
K87Y,1
LFSI,1
II31,1
LEEV,1
ESVB,1
CFQ4,1
KO05,1
OK00,1
TS14,1
OK04,1
0LL5,1
20SC,1
LHJK,1
YEVD,1
2IS4,1
EGKL,1
5OR9,1
18PN,1
17WI,1
82XS,1
EFTO,1
WBKB,1
OA07,1
CRML,1
EDBU,1
8WI1,1
YTUA,1
WS10,1
KROS,1
AA05,1
EG34,1
ETEK,1
LF51,1
9OA3,1
IN08,1
CTQ2,1
YCPP,1
SSGR,1
LFYS,1
AK90,1
CRG3,1
8MD6,1
CPK2,1
8XS6,1
NJ09,1
NH18,1
WA66,1
XS57,1
PN58,1
NE86,1
IA15,1
KY72,1
SNGX,1
52TE,1
2OR0,1
SN45,1
28PA,1
KS40,1
6WI2,1
74CL,1
PN72,1
AK01,1
56PA,1
AK54,1
8II5,1
VOTR,1
SC52,1
4II6,1
2WA3,1
CDG3,1
04CA,1
EVPA,1
EDGW,1
CNP7,1
KL00,1
3VA4,1
PA53,1
KWLD,1
OA00,1
K9M8,1
LFAU,1
3IS3,1
3CA7,1
0IN3,1
1OH9,1
57OI,1
KUTA,1
NJ84,1
K65S,1
KNQB,1
SSBZ,1
YFDN,1
1WN2,1
EDAS,1
90PA,1
2MT0,1
KH58,1
LICT,1
YNHE,1
2FA5,1
EBBT,1
KPEA,1
4GE1,1
LIDF,1
3MD9,1
4IS7,1
IN83,1
EFPU,1
YAPO,1
LFTM,1
EKRA,1
YMEY,1
2VA9,1
41PA,1
SDTY,1
IN92,1
67NC,1
1IS4,1
00MO,1
56FD,1
41OH,1
EDWK,1
EVRS,1
EDLU,1
AR55,1
EKMB,1
5AK0,1
SDMA,1
0MT6,1
IN58,1
OI77,1
K11R,1
3OI6,1
52IL,1
EDVA,1
83TS,1
SIHW,1
KWST,1
K0C0,1
PS18,1
KO47,1
SVRN,1
6MI1,1
45II,1
OI29,1
ENTS,1
VIBY,1
IL80,1
CYPG,1
78FL,1
K7V3,1
OG23,1
40OH,1
SDYM,1
7MO8,1
1OI6,1
14ID,1
4MO0,1
SSPP,1
SVTC,1
CT66,1
GMTA,1
43NC,1
KIDG,1
WSAT,1
NK08,1
SPMS,1
K55M,1
2MI8,1
VG09,1
AL81,1
KVIQ,1
CJU4,1
SICJ,1
CJA2,1
EDKF,1
WI79,1
23VG,1
IL82,1
LDPV,1
FACE,1
CTE5,1
OG26,1
LFIH,1
37IN,1
LEGC,1
MO71,1
MY00,1
09KS,1
K2B3,1
CJU3,1
LKTD,1
K3B4,1
II16,1
EIMY,1
2OH0,1
LKPC,1
NTGV,1
OK02,1
NE35,1
05CO,1
NC42,1
GE04,1
EDKI,1
EPOP,1
2AK7,1
WI53,1
2OA6,1
43IN,1
2MI5,1
MS03,1
4WA8,1
9NE9,1
61KS,1
CA09,1
45AA,1
IN90,1
31MO,1
WS04,1
SNEM,1
LKDK,1
17AR,1
KEGQ,1
MI84,1
35IL,1
OI06,1
KPKV,1
CKK7,1
7IA1,1
KX26,1
9IL2,1
IA41,1
LFMT,1
YTRE,1
1OH8,1
6OR6,1
8TX0,1
EPKP,1
LIRL,1
08IL,1
NE79,1
LJSG,1
LFHG,1
YTBF,1
LFIP,1
MN18,1
CSU4,1
WN36,1
PN91,1
70LL,1
0AK3,1
3II0,1
WN27,1
NC65,1
UDYE,1
LL90,1
LFQN,1
CYRI,1
EDCO,1
49II,1
CJV5,1
IS73,1
MO84,1
EDOV,1
7CO1,1
8IL2,1
EBLN,1
UUML,1
08LL,1
55MO,1
25AK,1
KRLD,1
02IN,1
34TA,1
NTGC,1
94NY,1
MO29,1
SNOS,1
4WN3,1
CKF6,1
KVSF,1
XA10,1
PS49,1
8TA0,1
OH28,1
EDOL,1
K51R,1
KDAF,1
7LL3,1
KIJD,1
8CL2,1
79PA,1
3AK6,1
8OH5,1
3MA5,1
IG07,1
LFAD,1
79NY,1
LFOI,1
EKVB,1
LOLM,1
8KS3,1
14OH,1
5OR2,1
SWUD,1
OI57,1
CEA3,1
AK16,1
KRGK,1
CLM2,1
38TN,1
IA80,1
LFNQ,1
CYSE,1
32IS,1
08FD,1
KMVC,1
7AK9,1
51IL,1
PN04,1
PA05,1
CJZ3,1
SDWL,1
5WA2,1
9MO5,1
AA00,1
KGHM,1
YPIY,1
5MD7,1
EGLA,1
EDFJ,1
WN60,1
KHLB,1
62CL,1
SBGP,1
NY10,1
LFNV,1
K0B4,1
LOAA,1
EG19,1
26XS,1
4TN0,1
50AK,1
NE20,1
KCHA,1
0OH8,1
MD77,1
IN53,1
26NC,1
VT38,1
KT05,1
TN09,1
NE33,1
CKS3,1
9KS7,1
2IA9,1
AR79,1
II70,1
4IL8,1
77CA,1
EFIK,1
PA54,1
5LL0,1
II02,1
EDQR,1
SDZZ,1
34II,1
CT36,1
8MI3,1
LKOL,1
KCXE,1
IA21,1
26IL,1
DTTB,1
8IS5,1
28IS,1
05TS,1
LL91,1
IS82,1
SSET,1
LKTO,1
EFKY,1
LFDM,1
YCAS,1
KSIV,1
1IN5,1
3IS1,1
EDVW,1
6TA9,1
51WT,1
9AK6,1
II40,1
7PA4,1
KHTO,1
LFFT,1
SSVN,1
SDIM,1
3IS7,1
NA65,1
ESVS,1
MY10,1
73OI,1
LZRU,1
SVPL,1
7IA7,1
58VA,1
28OK,1
EDAJ,1
EEEI,1
4TX6,1
EDQS,1
EPIN,1
WN10,1
ESMP,1
II38,1
4IA7,1
9IL4,1
3MO5,1
XA40,1
4II3,1
LIQL,1
WIBB,1
PN55,1
7OR2,1
0PN6,1
EGMJ,1
LKZA,1
MY72,1
CJR5,1
ID19,1
3IS6,1
8NE4,1
ND14,1
KK57,1
ESGI,1
31MI,1
9IL6,1
ESSL,1
3II3,1
JY17,1
IS83,1
LL52,1
SSNP,1
2PN3,1
42II,1
49WI,1
CWF2,1
NY84,1
LIMA,1
MO10,1
AK93,1
1GE5,1
NV42,1
9OH4,1
KN27,1
CNA2,1
EFKG,1
PN06,1
CKJ7,1
EDLY,1
5MN1,1
K55K,1
EGCG,1
OH27,1
98TN,1
NE92,1
VT62,1
CJL6,1
EKKS,1
9LL5,1
PS39,1
LTBU,1
II07,1
KSPS,1
CKJ2,1
CTQ6,1
81LL,1
NC82,1
NJ06,1
LEFM,1
KM43,1
NH43,1
SC47,1
KOXB,1
EPLK,1
MO16,1
EGZJ,1
NC39,1
4XA5,1
EFKK,1
LEPI,1
EGDR,1
17KS,1
KX59,1
NZMT,1
VG53,1
CPR7,1
9NJ5,1
YMSO,1
LKMK,1
KBBP,1
EHDP,1
CNE9,1
TE51,1
12NK,1
16IL,1
1OA2,1
K4M2,1
62XS,1
EPKO,1
CT48,1
53NE,1
MO31,1
36IN,1
PA89,1
